gene_id,baseMean,log2FoldChange,lfcSE,stat,pvalue,padj,gene_name,gene_biotype
ENSG00000081181,357.1196445,-1.683735003,0.182147402,-9.243804663,2.38e-20,2.62e-16,ARG2,protein_coding
ENSG00000050165,360.4981131,1.863971101,0.211268181,8.822772517,1.12e-18,8.21e-15,DKK3,protein_coding
ENSG00000069424,110.2563413,1.658287576,0.199497768,8.312311422,9.39e-17,5.18e-13,KCNAB2,protein_coding
ENSG00000147003,570.2509364,-1.387700071,0.173447591,-8.000688051,1.24e-15,5.46e-12,CLTRN,protein_coding
ENSG00000170509,435.6949193,2.066489687,0.261838568,7.892228035,2.97e-15,1.09e-11,HSD17B13,protein_coding
ENSG00000175785,16.52953494,3.998831989,0.514949531,7.765483316,8.13e-15,2.56e-11,PRIMA1,protein_coding
ENSG00000127870,2001.739228,-1.354952844,0.174953,-7.744667667,9.58e-15,2.6e-11,RNF6,protein_coding
ENSG00000163710,35.37617216,3.901822944,0.507369181,7.690303407,1.47e-14,3.24e-11,PCOLCE2,protein_coding
ENSG00000136872,879.2427207,2.969509273,0.387850557,7.656323342,1.91e-14,3.84e-11,ALDOB,protein_coding
ENSG00000163581,445.5336675,-1.766057313,0.235122579,-7.511219565,5.86e-14,1.08e-10,SLC2A2,protein_coding
ENSG00000165195,628.2181057,-1.286081433,0.178061001,-7.222701364,5.1e-13,8.09e-10,PIGA,protein_coding
ENSG00000173432,70.18440218,4.535970107,0.628108431,7.221635448,5.14e-13,8.09e-10,SAA1,protein_coding
ENSG00000172575,600.4067569,-1.229679374,0.173520038,-7.086670733,1.37e-12,2.02e-09,RASGRP1,protein_coding
ENSG00000176928,1248.349824,-1.030383126,0.147999186,-6.96208642,3.35e-12,4.62e-09,GCNT4,protein_coding
ENSG00000151834,19.13979156,-3.757654033,0.547094547,-6.868381447,6.49e-12,8.43e-09,GABRA2,protein_coding
ENSG00000204347,25.50951417,1.641220751,0.261010119,6.287958332,3.22e-10,3.74e-07,BTBD17,protein_coding
ENSG00000135472,218.22691,2.1189637,0.342321619,6.1899792,6.02e-10,6.03e-07,FAIM2,protein_coding
ENSG00000171227,377.7757994,-1.049879441,0.170526171,-6.156705669,7.43e-10,7.12e-07,TMEM37,protein_coding
ENSG00000134121,485.2142062,-1.508961572,0.245665805,-6.142334603,8.13e-10,7.48e-07,CHL1,protein_coding
ENSG00000116690,218.8080235,1.317939271,0.218017842,6.045098229,1.49e-09,1.32e-06,PRG4,protein_coding
ENSG00000142156,308.3358533,1.005228723,0.169304198,5.937411688,2.9e-09,2.2e-06,COL6A1,protein_coding
ENSG00000163803,68.0337484,1.303365964,0.219300087,5.943298897,2.79e-09,2.2e-06,PLB1,protein_coding
ENSG00000010282,231.6037421,-1.505342737,0.260691191,-5.774428854,7.72e-09,4.73e-06,HHATL,protein_coding
ENSG00000168918,64.18024447,1.274599358,0.229070601,5.564220612,2.63e-08,1.29e-05,INPP5D,protein_coding
ENSG00000123836,12001.13717,-1.055055271,0.191739847,-5.502535278,3.74e-08,1.69e-05,PFKFB2,protein_coding
ENSG00000116329,105.7640185,-1.115443454,0.203751745,-5.474522216,4.39e-08,1.94e-05,OPRD1,protein_coding
ENSG00000225968,7.482910838,2.420116294,0.44966499,5.382042956,7.36e-08,2.85e-05,ELFN1,protein_coding
ENSG00000162511,149.8580497,1.865833788,0.347165943,5.374472433,7.68e-08,2.92e-05,LAPTM5,protein_coding
ENSG00000140968,39.43877944,1.945006265,0.363553494,5.349986443,8.8e-08,3.23e-05,IRF8,protein_coding
ENSG00000184530,186.1329376,3.169137116,0.593058304,5.343719316,9.11e-08,3.29e-05,C6orf58,protein_coding
ENSG00000091137,629.6065781,1.47323114,0.276625333,5.325727482,1.01e-07,3.41e-05,SLC26A4,protein_coding
ENSG00000138964,21.31313628,1.941102964,0.365336253,5.313195572,1.08e-07,3.55e-05,PARVG,protein_coding
ENSG00000172016,2520.504102,3.66689712,0.691293867,5.304397007,1.13e-07,3.56e-05,REG3A,protein_coding
ENSG00000188257,35.76965997,4.410336554,0.831139877,5.306371018,1.12e-07,3.56e-05,PLA2G2A,protein_coding
ENSG00000181234,33.61324752,1.480723489,0.282136145,5.248258744,1.54e-07,4.77e-05,TMEM132C,protein_coding
ENSG00000132465,311.0886959,3.203037097,0.615524984,5.203748312,1.95e-07,5.9e-05,JCHAIN,protein_coding
ENSG00000162949,1333.27033,-1.00642787,0.196106707,-5.132042078,2.87e-07,7.9e-05,CAPN13,protein_coding
ENSG00000138119,143.217111,1.280925489,0.251006382,5.103159043,3.34e-07,8.99e-05,MYOF,protein_coding
ENSG00000142173,45.77330051,1.477727837,0.289713426,5.100653621,3.38e-07,9e-05,COL6A2,protein_coding
ENSG00000121068,12.74048156,1.805861829,0.357497548,5.051396413,4.39e-07,0.000111226,TBX2,protein_coding
ENSG00000171004,129.1775394,-1.382274572,0.273525266,-5.053553516,4.34e-07,0.000111226,HS6ST2,protein_coding
ENSG00000111087,10.1633885,2.646352314,0.524781667,5.042768223,4.59e-07,0.000113747,GLI1,protein_coding
ENSG00000101445,44.24617805,1.519085954,0.304006064,4.996893597,5.83e-07,0.000132517,PPP1R16B,protein_coding
ENSG00000145888,97.05611253,-1.194293716,0.23887799,-4.999597151,5.75e-07,0.000132517,GLRA1,protein_coding
ENSG00000164326,1254.131532,4.319562839,0.864294507,4.997790457,5.8e-07,0.000132517,CARTPT,protein_coding
ENSG00000087245,322.7436613,1.704410417,0.341250251,4.99460561,5.9e-07,0.000132729,MMP2,protein_coding
ENSG00000105519,117.9619635,1.037666168,0.209911535,4.943349904,7.68e-07,0.000161357,CAPS,protein_coding
ENSG00000159403,390.2741615,1.650680006,0.33438049,4.936532057,7.95e-07,0.000165522,C1R,protein_coding
ENSG00000165409,74.7273074,1.589843988,0.322420958,4.930957331,8.18e-07,0.000167163,TSHR,protein_coding
ENSG00000169442,95.32051641,1.915435091,0.389432292,4.918531742,8.72e-07,0.000171768,CD52,protein_coding
ENSG00000128683,80.14457695,1.827747983,0.37260898,4.905270887,9.33e-07,0.000182163,GAD1,protein_coding
ENSG00000134817,35.10012734,2.222065358,0.453455479,4.900294429,9.57e-07,0.0001852,APLNR,protein_coding
ENSG00000130643,87.3768683,1.228174515,0.251452918,4.884312045,1.04e-06,0.000194233,CALY,protein_coding
ENSG00000211448,162.6907132,1.625626806,0.332837998,4.884138275,1.04e-06,0.000194233,DIO2,protein_coding
ENSG00000185269,15.5960068,1.944453893,0.398375292,4.880960069,1.06e-06,0.000195731,NOTUM,protein_coding
ENSG00000156687,436.6335304,-1.22880554,0.252353701,-4.869377913,1.12e-06,0.000202455,UNC5D,protein_coding
ENSG00000106333,104.3869046,1.058791133,0.21780638,4.861157565,1.17e-06,0.000209332,PCOLCE,protein_coding
ENSG00000160255,45.40427609,1.966298586,0.405603942,4.847829083,1.25e-06,0.000222089,ITGB2,protein_coding
ENSG00000126709,1855.415366,1.254693318,0.258955616,4.84520605,1.26e-06,0.000223243,IFI6,protein_coding
ENSG00000151474,74.00883389,1.103721324,0.228324133,4.834010786,1.34e-06,0.000230194,FRMD4A,protein_coding
ENSG00000173372,107.4797074,1.6284378,0.336951822,4.832850562,1.35e-06,0.000230194,C1QA,protein_coding
ENSG00000177551,28.72164381,1.635232017,0.339572685,4.815558166,1.47e-06,0.000243504,NHLH2,protein_coding
ENSG00000184489,190.0727627,1.508851055,0.313705739,4.80976555,1.51e-06,0.000248797,PTP4A3,protein_coding
ENSG00000149451,15.90390832,1.880396849,0.393327795,4.780737267,1.75e-06,0.000271365,ADAM33,protein_coding
ENSG00000141753,625.7767,1.360939021,0.286391988,4.752014993,2.01e-06,0.000304348,IGFBP4,protein_coding
ENSG00000172724,29.18340741,3.375598158,0.710600714,4.750344447,2.03e-06,0.000304785,CCL19,protein_coding
ENSG00000174326,21.103163,1.382392298,0.291878072,4.736197848,2.18e-06,0.000320303,SLC16A11,protein_coding
ENSG00000182511,28.60712637,1.624206461,0.34579515,4.697019203,2.64e-06,0.000380674,FES,protein_coding
ENSG00000051341,15.51334275,1.274283032,0.271744797,4.689263773,2.74e-06,0.000385473,POLQ,protein_coding
ENSG00000148773,7.071765324,3.032990417,0.651016594,4.658852696,3.18e-06,0.000427776,MKI67,protein_coding
ENSG00000166278,14.10940712,1.616394504,0.347420345,4.652561456,3.28e-06,0.000438368,C2,protein_coding
ENSG00000181847,6.358806564,2.502281448,0.54160568,4.6201167,3.84e-06,0.000506688,TIGIT,protein_coding
ENSG00000172236,35.58365679,1.585847064,0.345929127,4.584312043,4.55e-06,0.000580886,TPSAB1,protein_coding
ENSG00000232629,18.35500666,1.907169562,0.416399293,4.580146016,4.65e-06,0.000585806,HLA-DQB2,protein_coding
ENSG00000176788,26.59752607,1.404069213,0.306743128,4.577345294,4.71e-06,0.000586993,BASP1,protein_coding
ENSG00000133110,77.12506989,2.391191561,0.52255929,4.57592393,4.74e-06,0.000587673,POSTN,protein_coding
ENSG00000140678,37.62648429,1.780392593,0.389933493,4.565887836,4.97e-06,0.00060623,ITGAX,protein_coding
ENSG00000165646,179.5866857,1.053405832,0.230769565,4.56475199,5e-06,0.00060623,SLC18A2,protein_coding
ENSG00000102362,35.70524203,1.400902732,0.307280497,4.559035625,5.14e-06,0.000612863,SYTL4,protein_coding
ENSG00000135744,319.9393508,1.166959287,0.256091889,4.556799087,5.19e-06,0.000616092,AGT,protein_coding
ENSG00000105366,5.755841337,2.563422683,0.565121732,4.536053979,5.73e-06,0.000658632,SIGLEC8,protein_coding
ENSG00000135074,34.24051808,1.53237152,0.337921973,4.534690384,5.77e-06,0.000659467,ADAM19,protein_coding
ENSG00000196154,146.5496825,1.494456961,0.330025516,4.528307323,5.95e-06,0.00067273,S100A4,protein_coding
ENSG00000133392,44.2662736,1.445258681,0.319456049,4.524123696,6.06e-06,0.000679207,MYH11,protein_coding
ENSG00000092009,4.920522139,3.981021993,0.880346362,4.522108758,6.12e-06,0.000682244,CMA1,protein_coding
ENSG00000081237,117.4302789,1.501794665,0.332380419,4.518300651,6.23e-06,0.000691137,PTPRC,protein_coding
ENSG00000167393,15.541894,1.383391514,0.307474594,4.499205925,6.82e-06,0.000734082,PPP2R3B,protein_coding
ENSG00000213658,3.69710294,2.401775236,0.535624616,4.484064331,7.32e-06,0.000776815,LAT,protein_coding
ENSG00000019582,2504.101311,1.236912537,0.276670271,4.470709971,7.8e-06,0.000803757,CD74,protein_coding
ENSG00000137077,64.9478812,3.299064118,0.737777669,4.471623709,7.76e-06,0.000803757,CCL21,protein_coding
ENSG00000091128,54.28309713,-1.306186669,0.292834097,-4.460500618,8.18e-06,0.00082377,LAMB4,protein_coding
ENSG00000140287,51.31445965,1.854097386,0.417832983,4.437412706,9.1e-06,0.000890262,HDC,protein_coding
ENSG00000156738,12.18128155,4.454652991,1.003963521,4.437066585,9.12e-06,0.000890262,MS4A1,protein_coding
ENSG00000173369,156.541243,1.537716217,0.347117298,4.429961362,9.42e-06,0.000912034,C1QB,protein_coding
ENSG00000152049,65.92429983,1.069546392,0.243013664,4.401178009,1.08e-05,0.001002282,KCNE4,protein_coding
ENSG00000105696,171.5730365,1.154714289,0.263015349,4.390292414,1.13e-05,0.001044977,TMEM59L,protein_coding
ENSG00000099998,48.5206898,1.42701932,0.325863872,4.379188497,1.19e-05,0.001080539,GGT5,protein_coding
ENSG00000125740,125.6122922,1.974648517,0.451390767,4.37458774,1.22e-05,0.001092959,FOSB,protein_coding
ENSG00000020633,18.7573363,1.751976016,0.401726677,4.361114448,1.29e-05,0.001146582,RUNX3,protein_coding
ENSG00000122679,152.2202239,1.315743141,0.301992553,4.356872796,1.32e-05,0.001150537,RAMP3,protein_coding
ENSG00000110446,18.1512212,1.646021787,0.380261182,4.3286611,1.5e-05,0.001262002,SLC15A3,protein_coding
ENSG00000125730,666.896797,1.93751851,0.447785129,4.326893382,1.51e-05,0.001262002,C3,protein_coding
ENSG00000153234,127.3027009,1.297568583,0.300179483,4.322642466,1.54e-05,0.001269211,NR4A2,protein_coding
ENSG00000168077,34.22500772,1.62168545,0.375374221,4.320183324,1.56e-05,0.001272982,SCARA3,protein_coding
ENSG00000160932,170.4504592,1.14833723,0.266111708,4.315245054,1.59e-05,0.001275776,LY6E,protein_coding
ENSG00000113657,476.8148674,1.125095259,0.261356264,4.304833729,1.67e-05,0.001321496,DPYSL3,protein_coding
ENSG00000064300,26.29092464,1.637715918,0.380649195,4.302428424,1.69e-05,0.001331157,NGFR,protein_coding
ENSG00000142552,21.04291583,1.348391814,0.313635768,4.299228448,1.71e-05,0.001340943,RCN3,protein_coding
ENSG00000149257,122.3413663,1.004887374,0.234258032,4.289660277,1.79e-05,0.001370868,SERPINH1,protein_coding
ENSG00000172568,24.54662709,1.710747969,0.399097274,4.286543863,1.81e-05,0.001380645,FNDC9,protein_coding
ENSG00000108379,94.92942139,1.037702028,0.242255796,4.283497218,1.84e-05,0.001390108,WNT3,protein_coding
ENSG00000140931,57.27772084,1.109305597,0.259388691,4.276615113,1.9e-05,0.001424625,CMTM3,protein_coding
ENSG00000169403,43.69728644,1.436508838,0.335906084,4.27651926,1.9e-05,0.001424625,PTAFR,protein_coding
ENSG00000038945,105.6968498,1.538727202,0.362041847,4.250136318,2.14e-05,0.001561962,MSR1,protein_coding
ENSG00000155465,61.19990749,1.181983439,0.278807833,4.239419777,2.24e-05,0.001610515,SLC7A7,protein_coding
ENSG00000133063,14.48777034,4.76503963,1.125181318,4.234908234,2.29e-05,0.001632555,CHIT1,protein_coding
ENSG00000088827,11.43609491,2.880104166,0.681336687,4.227137948,2.37e-05,0.001679076,SIGLEC1,protein_coding
ENSG00000122585,855.3674478,1.628638893,0.386464641,4.21419897,2.51e-05,0.001766917,NPY,protein_coding
ENSG00000107317,70.71845174,1.59944293,0.379998298,4.209079194,2.56e-05,0.001791138,PTGDS,protein_coding
ENSG00000175130,101.2070612,1.033982544,0.245875979,4.20530118,2.61e-05,0.00180332,MARCKSL1,protein_coding
ENSG00000104894,26.45289173,1.466965337,0.349112914,4.201979584,2.65e-05,0.001824272,CD37,protein_coding
ENSG00000188153,34.32528724,1.707541015,0.407813877,4.18705962,2.83e-05,0.001906672,COL4A5,protein_coding
ENSG00000129646,43.06970881,1.134069976,0.271462791,4.177625867,2.95e-05,0.001951666,QRICH2,protein_coding
ENSG00000159189,186.236327,1.329074957,0.318133609,4.177725712,2.94e-05,0.001951666,C1QC,protein_coding
ENSG00000026103,106.3462379,1.1024571,0.265280108,4.155822714,3.24e-05,0.002084851,FAS,protein_coding
ENSG00000167654,96.76364787,1.21715309,0.293413182,4.148256334,3.35e-05,0.002124408,ATCAY,protein_coding
ENSG00000143119,94.88892162,1.752681804,0.422846431,4.144960621,3.4e-05,0.002142457,CD53,protein_coding
ENSG00000162576,61.66665426,1.439434797,0.347859847,4.137973407,3.5e-05,0.002178784,MXRA8,protein_coding
ENSG00000100599,9.896360793,1.502495343,0.363425826,4.134255837,3.56e-05,0.002188518,RIN3,protein_coding
ENSG00000145708,53.18269421,1.320283841,0.31933538,4.134474044,3.56e-05,0.002188518,CRHBP,protein_coding
ENSG00000172037,154.6149973,1.003036385,0.242711229,4.132632802,3.59e-05,0.002197913,LAMB2,protein_coding
ENSG00000154269,13.06260322,1.842917823,0.446507297,4.127408071,3.67e-05,0.002222898,ENPP3,protein_coding
ENSG00000022355,81.33117953,-1.656245192,0.402196669,-4.117998277,3.82e-05,0.002270578,GABRA1,protein_coding
ENSG00000187068,87.25922145,-1.111298768,0.269899389,-4.117455664,3.83e-05,0.002270578,C3orf70,protein_coding
ENSG00000158869,160.0396873,1.325147484,0.324028031,4.089607552,4.32e-05,0.002480623,FCER1G,protein_coding
ENSG00000187288,8.863262662,4.088380715,1.000005743,4.088357237,4.34e-05,0.002480623,CIDEC,protein_coding
ENSG00000180730,88.76666831,1.972799419,0.482980703,4.08463404,4.41e-05,0.002510311,SHISA2,protein_coding
ENSG00000134827,110.1687474,2.803178521,0.687100613,4.079720595,4.51e-05,0.002557372,TCN1,protein_coding
ENSG00000130513,25.95231954,1.818123531,0.445931514,4.077136226,4.56e-05,0.002579322,GDF15,protein_coding
ENSG00000140279,40.7905034,2.418765202,0.593900783,4.072675553,4.65e-05,0.002609168,DUOX2,protein_coding
ENSG00000091986,472.1395834,1.656830785,0.407291696,4.067921841,4.74e-05,0.002628966,CCDC80,protein_coding
ENSG00000197471,6.110000108,1.785349739,0.439476758,4.062444049,4.86e-05,0.002628966,SPN,protein_coding
ENSG00000170044,127.7368215,-1.266167226,0.311798723,-4.060848018,4.89e-05,0.002637569,ZPLD1,protein_coding
ENSG00000237541,18.90160322,1.825631579,0.449810155,4.05867133,4.94e-05,0.002655778,HLA-DQA2,protein_coding
ENSG00000196169,64.48302371,1.088601061,0.268688164,4.051540811,5.09e-05,0.002724751,KIF19,protein_coding
ENSG00000115648,106.3808187,1.319935266,0.325950115,4.049500841,5.13e-05,0.002733983,MLPH,protein_coding
ENSG00000181092,18.15408055,4.224065215,1.043307808,4.048723858,5.15e-05,0.002733983,ADIPOQ,protein_coding
ENSG00000130635,95.77405924,1.36869032,0.338330609,4.045422678,5.22e-05,0.002750177,COL5A1,protein_coding
ENSG00000025708,12.61221487,1.544229841,0.38243023,4.03793874,5.39e-05,0.0028059,TYMP,protein_coding
ENSG00000167034,65.08059004,-1.032691452,0.256415859,-4.02740866,5.64e-05,0.00288019,NKX3-1,protein_coding
ENSG00000198851,11.63090423,1.792496757,0.445547666,4.023131294,5.74e-05,0.002906115,CD3E,protein_coding
ENSG00000182704,27.74733192,1.001044002,0.248918624,4.021571322,5.78e-05,0.002918738,TSKU,protein_coding
ENSG00000135144,26.37803657,1.690297771,0.422070714,4.004773885,6.21e-05,0.003092565,DTX1,protein_coding
ENSG00000168685,38.9446733,2.311052151,0.576919993,4.005845139,6.18e-05,0.003092565,IL7R,protein_coding
ENSG00000161381,67.02773818,1.268050737,0.316865733,4.001855058,6.28e-05,0.003108993,PLXDC1,protein_coding
ENSG00000184226,630.7489908,1.061685991,0.266802654,3.979293214,6.91e-05,0.003344308,PCDH9,protein_coding
ENSG00000042493,90.38142866,1.400219223,0.352030516,3.977550696,6.96e-05,0.003354192,CAPG,protein_coding
ENSG00000198959,217.7065649,1.547767394,0.389387779,3.974874095,7.04e-05,0.003370063,TGM2,protein_coding
ENSG00000223865,419.3211242,1.143895676,0.288169338,3.969525986,7.2e-05,0.003427132,HLA-DPB1,protein_coding
ENSG00000109610,53.27287541,1.205227899,0.30378529,3.967367537,7.27e-05,0.003440639,SOD3,protein_coding
ENSG00000134042,105.0461038,-1.023644139,0.258456932,-3.960598513,7.48e-05,0.003502075,MRO,protein_coding
ENSG00000173597,4.854205484,3.617272167,0.913946562,3.957859593,7.56e-05,0.003527486,SULT1B1,protein_coding
ENSG00000196664,11.14491937,2.390552189,0.604145038,3.956917691,7.59e-05,0.003533947,TLR7,protein_coding
ENSG00000026025,1129.992137,1.080298763,0.273870192,3.944564956,7.99e-05,0.003657954,VIM,protein_coding
ENSG00000090382,68.79355215,1.871765594,0.474985555,3.940678987,8.13e-05,0.003674944,LYZ,protein_coding
ENSG00000164107,39.24884409,1.212924071,0.308254483,3.934814048,8.33e-05,0.003740675,HAND2,protein_coding
ENSG00000242574,92.94391179,1.385928927,0.352433948,3.93245014,8.41e-05,0.003753276,HLA-DMB,protein_coding
ENSG00000132821,78.2298388,1.165790181,0.297925037,3.913031931,9.11e-05,0.003966313,VSTM2L,protein_coding
ENSG00000065320,70.60172262,-1.033705675,0.264202547,-3.912549994,9.13e-05,0.003966416,NTN1,protein_coding
ENSG00000084636,47.84959948,1.180826409,0.301908973,3.911200109,9.18e-05,0.003973012,COL16A1,protein_coding
ENSG00000038427,306.875398,1.46772771,0.375383235,3.909944749,9.23e-05,0.0039859,VCAN,protein_coding
ENSG00000185101,31.96097838,1.015607309,0.26003483,3.905658747,9.4e-05,0.004041402,ANO9,protein_coding
ENSG00000244682,6.120215364,1.582459731,0.405767963,3.899912945,9.62e-05,0.004106504,FCGR2C,protein_coding
ENSG00000173641,3.812415041,2.791484202,0.71675733,3.894601542,9.84e-05,0.004173313,HSPB7,protein_coding
ENSG00000165633,50.31962602,1.111123483,0.285346241,3.893948201,9.86e-05,0.004176544,VSTM4,protein_coding
ENSG00000187955,313.0309831,1.244985865,0.320213629,3.887985243,0.00010108,0.004247853,COL14A1,protein_coding
ENSG00000196126,521.4553079,1.185981073,0.305197614,3.885944772,0.000101933,0.004251306,HLA-DRB1,protein_coding
ENSG00000069493,42.29675197,1.104433399,0.284483116,3.882245856,0.000103496,0.004286157,CLEC2D,protein_coding
ENSG00000054938,17.32976733,1.847734352,0.476437725,3.878228479,0.00010522,0.004303888,CHRDL2,protein_coding
ENSG00000177374,16.74205816,1.303916394,0.336025934,3.880404046,0.000104283,0.004303888,HIC1,protein_coding
ENSG00000109072,250.6777017,1.411812552,0.364785379,3.870255316,0.000108721,0.004400265,VTN,protein_coding
ENSG00000088882,10.63205365,2.568888429,0.663990113,3.868865485,0.000109343,0.004410299,CPXM1,protein_coding
ENSG00000066294,57.55900059,1.582534699,0.409630169,3.863325552,0.000111854,0.004503339,CD84,protein_coding
ENSG00000144485,21.07378343,1.375538694,0.357120746,3.851746804,0.000117278,0.004679907,HES6,protein_coding
ENSG00000189058,752.6787651,1.450982451,0.377133395,3.847398481,0.000119379,0.00472864,APOD,protein_coding
ENSG00000111644,53.00932161,-1.015815805,0.264753126,-3.836841592,0.000124627,0.0048926,ACRBP,protein_coding
ENSG00000123838,22.92728944,1.404995537,0.366276571,3.835886997,0.000125112,0.004894228,C4BPA,protein_coding
ENSG00000166741,507.7533341,1.226909917,0.320295666,3.830554219,0.000127855,0.004983858,NNMT,protein_coding
ENSG00000087253,39.38748687,1.383277127,0.361812032,3.823192725,0.000131735,0.00510802,LPCAT2,protein_coding
ENSG00000136167,154.3834566,1.21833366,0.319095225,3.818088029,0.00013449,0.005169428,LCP1,protein_coding
ENSG00000077942,583.9161408,1.388139554,0.363824497,3.81540981,0.000135957,0.005207677,FBLN1,protein_coding
ENSG00000263961,42.78993504,1.077361931,0.282535654,3.813189293,0.000137185,0.005236526,RHEX,protein_coding
ENSG00000254440,8.772619753,1.471833205,0.386984591,3.803338013,0.000142759,0.005338474,PBOV1,protein_coding
ENSG00000180219,4.231497569,1.824777442,0.480827207,3.795079429,0.000147596,0.005436419,GARIN6,protein_coding
ENSG00000010932,38.12765168,1.355820123,0.357491477,3.792594255,0.000149082,0.005472859,FMO1,protein_coding
ENSG00000136206,7.584761848,1.200604316,0.31702199,3.787132606,0.000152396,0.005575967,SPDYE1,protein_coding
ENSG00000180353,130.3244544,1.024868875,0.270973355,3.782175832,0.000155463,0.005650726,HCLS1,protein_coding
ENSG00000144810,59.47391616,1.472332093,0.390141191,3.773844259,0.000160751,0.00578573,COL8A1,protein_coding
ENSG00000106948,26.97337497,1.147429376,0.305558793,3.755183631,0.000173214,0.0061441,AKNA,protein_coding
ENSG00000165061,49.06812939,-1.148193412,0.306353492,-3.747936423,0.000178295,0.006246028,ZMAT4,protein_coding
ENSG00000177363,5.248237785,1.901153168,0.507673202,3.744836565,0.000180511,0.006275813,LRRN4CL,protein_coding
ENSG00000185811,23.70059252,1.473881627,0.393640398,3.744233656,0.000180945,0.006275813,IKZF1,protein_coding
ENSG00000010327,42.88752298,1.242474637,0.332097306,3.741296951,0.000183073,0.006286999,STAB1,protein_coding
ENSG00000137573,348.4793512,1.061938787,0.283917694,3.740305051,0.000183797,0.006286999,SULF1,protein_coding
ENSG00000164761,81.05306176,1.284997401,0.343392601,3.74206491,0.000182514,0.006286999,TNFRSF11B,protein_coding
ENSG00000104321,9.391675289,1.603510869,0.429718944,3.731534049,0.000190317,0.006459954,TRPA1,protein_coding
ENSG00000109113,47.54131857,1.334355473,0.357887829,3.728418135,0.000192685,0.006530292,RAB34,protein_coding
ENSG00000143333,5261.037416,1.001167349,0.268770964,3.724983287,0.000195328,0.006569398,RGS16,protein_coding
ENSG00000123496,143.8150876,2.085194958,0.559869533,3.724430129,0.000195757,0.006573797,IL13RA2,protein_coding
ENSG00000153802,8.841275802,1.390178729,0.373588254,3.721152134,0.000198316,0.006609432,TMPRSS11D,protein_coding
ENSG00000204287,1502.676288,1.153641544,0.310000968,3.72141271,0.000198111,0.006609432,HLA-DRA,protein_coding
ENSG00000015285,4.476761881,1.693038695,0.456025649,3.71259533,0.000205145,0.006726741,WAS,protein_coding
ENSG00000115414,516.5540176,1.03025382,0.27775549,3.709211358,0.000207906,0.006805677,FN1,protein_coding
ENSG00000140749,77.54433146,1.28395608,0.3464014,3.706555691,0.000210097,0.006867217,IGSF6,protein_coding
ENSG00000081041,22.28815089,2.522217777,0.681305312,3.702037445,0.000213875,0.006929534,CXCL2,protein_coding
ENSG00000129675,54.17119945,1.164898987,0.314863,3.699701103,0.000215854,0.006962539,ARHGEF6,protein_coding
ENSG00000139269,6.451444862,2.054636738,0.556366171,3.692957707,0.000221661,0.007118638,INHBE,protein_coding
ENSG00000011600,125.5083834,1.218548785,0.330356104,3.68859171,0.000225499,0.00717919,TYROBP,protein_coding
ENSG00000122367,8.771566204,1.464020997,0.397947698,3.678928171,0.000234216,0.00736304,LDB3,protein_coding
ENSG00000282757,8.060333671,1.851694233,0.504344299,3.671488382,0.000241142,0.007472355,DUXB,protein_coding
ENSG00000166676,15.56762332,1.29399785,0.352608035,3.669791159,0.000242749,0.007501071,TVP23A,protein_coding
ENSG00000197191,29.76400196,1.187472943,0.323701412,3.668420648,0.000244053,0.007520322,CYSRT1,protein_coding
ENSG00000099282,24.78871114,1.220060223,0.332877474,3.665193111,0.000247152,0.007562989,TSPAN15,protein_coding
ENSG00000172578,15.11532383,1.455406382,0.397588844,3.660581534,0.000251643,0.007647396,KLHL6,protein_coding
ENSG00000261934,20.32378625,1.189893957,0.325293981,3.657903392,0.000254287,0.007685385,PCDHGA9,protein_coding
ENSG00000108821,932.2998795,1.441625341,0.395179916,3.648022789,0.000264266,0.007911133,COL1A1,protein_coding
ENSG00000100055,18.8870966,1.37117698,0.375963361,3.647102677,0.000265214,0.007918019,CYTH4,protein_coding
ENSG00000157927,4.583993738,2.084331399,0.57169491,3.645880632,0.000266478,0.007934273,RADIL,protein_coding
ENSG00000110077,188.2034171,1.114651544,0.306450891,3.637292552,0.000275519,0.008109202,MS4A6A,protein_coding
ENSG00000154451,14.24339083,1.630819062,0.448377045,3.63716002,0.000275661,0.008109202,GBP5,protein_coding
ENSG00000171560,63.0562538,2.635095076,0.724461741,3.637314335,0.000275496,0.008109202,FGA,protein_coding
ENSG00000128422,5.941810419,3.087904924,0.84959451,3.634563182,0.000278452,0.00816953,KRT17,protein_coding
ENSG00000133636,77.94712995,2.887779939,0.797685979,3.620196439,0.000294379,0.008561662,NTS,protein_coding
ENSG00000137959,109.524769,1.707982816,0.47211861,3.617698562,0.000297234,0.008606142,IFI44L,protein_coding
ENSG00000134955,7.316350697,1.742625851,0.482234857,3.613645567,0.000301922,0.00870758,SLC37A2,protein_coding
ENSG00000168961,33.21595708,1.496054763,0.41407508,3.613003617,0.00030267,0.008717779,LGALS9,protein_coding
ENSG00000154856,47.38342575,1.397582944,0.387532662,3.60636168,0.00031052,0.008836756,APCDD1,protein_coding
ENSG00000186204,30.16530494,1.608837499,0.44641464,3.603908462,0.000313467,0.008844551,CYP4F12,protein_coding
ENSG00000060718,10.12294016,2.106865465,0.585273697,3.599795231,0.000318468,0.008928026,COL11A1,protein_coding
ENSG00000187608,61.95876668,1.093124046,0.303984243,3.595989168,0.000323161,0.009024114,ISG15,protein_coding
ENSG00000198074,8.195659113,3.345719702,0.930688486,3.594886745,0.000324533,0.009024114,AKR1B10,protein_coding
ENSG00000164626,27.2780977,1.675630257,0.466969123,3.588310603,0.000332828,0.009157383,KCNK5,protein_coding
ENSG00000204397,51.14929995,1.252631068,0.349090187,3.588273498,0.000332875,0.009157383,CARD16,protein_coding
ENSG00000154589,20.50652533,1.244414788,0.347420117,3.581873149,0.000341139,0.009283019,LY96,protein_coding
ENSG00000137841,10.76690332,1.426418315,0.398857003,3.576264937,0.000348538,0.009400738,PLCB2,protein_coding
ENSG00000100448,7.792092244,2.352765861,0.658431718,3.573287551,0.000352527,0.009455267,CTSG,protein_coding
ENSG00000180644,14.22129736,1.576661873,0.441251757,3.573157154,0.000352703,0.009455267,PRF1,protein_coding
ENSG00000186417,19.62515641,2.003559876,0.561377433,3.569006803,0.000358337,0.009571419,GLDN,protein_coding
ENSG00000182578,98.81028903,1.113904988,0.312687969,3.562353209,0.000367545,0.009699946,CSF1R,protein_coding
ENSG00000123342,70.69956166,1.615567757,0.453916464,3.559174175,0.000372023,0.009771355,MMP19,protein_coding
ENSG00000204482,27.19405154,1.353655749,0.380865653,3.554155484,0.000379195,0.009924292,LST1,protein_coding
ENSG00000017427,24.64651914,1.52760512,0.430320808,3.549921573,0.000385346,0.010066574,IGF1,protein_coding
ENSG00000077238,44.52750307,1.112319482,0.313348289,3.549786356,0.000385544,0.010066574,IL4R,protein_coding
ENSG00000162512,33.79607857,1.044999425,0.29536639,3.537976762,0.000403206,0.010406568,SDC3,protein_coding
ENSG00000138696,30.78266741,1.998493625,0.565539018,3.533785577,0.000409653,0.010546301,BMPR1B,protein_coding
ENSG00000024422,55.06914483,1.013437839,0.2868681,3.532765887,0.000411236,0.01056241,EHD2,protein_coding
ENSG00000096088,129.5764131,2.640182344,0.747836539,3.530427048,0.000414889,0.01060021,PGC,protein_coding
ENSG00000163377,21.5353025,-1.548612093,0.438836079,-3.528907871,0.000417278,0.010630962,TAFA4,protein_coding
ENSG00000165168,83.79379535,1.197458375,0.339666958,3.525389642,0.00042286,0.010748349,CYBB,protein_coding
ENSG00000171812,16.06347147,1.448886127,0.411107193,3.524351198,0.000424521,0.010778148,COL8A2,protein_coding
ENSG00000140937,76.71380964,1.355679545,0.384941136,3.521784031,0.000428653,0.010820796,CDH11,protein_coding
ENSG00000102935,12.33317937,1.162446941,0.330738362,3.514702476,0.000440247,0.011021858,ZNF423,protein_coding
ENSG00000182326,918.7010065,1.222163685,0.348579473,3.506126378,0.000454679,0.011296834,C1S,protein_coding
ENSG00000132386,286.7347235,1.177609194,0.335908932,3.505739443,0.000455341,0.011300543,SERPINF1,protein_coding
ENSG00000134871,170.6125189,1.00879931,0.288164169,3.500779824,0.000463899,0.011422994,COL4A2,protein_coding
ENSG00000204252,24.58937506,1.47730796,0.422265843,3.49852583,0.000467838,0.011468783,HLA-DOA,protein_coding
ENSG00000171819,16.51485075,1.707564178,0.488243906,3.497358919,0.000469889,0.011486507,ANGPTL7,protein_coding
ENSG00000049540,49.1914136,1.12092722,0.320940873,3.492628436,0.000478292,0.011596538,ELN,protein_coding
ENSG00000198502,209.6351561,1.637679493,0.469398445,3.4888899,0.000485031,0.011644436,HLA-DRB5,protein_coding
ENSG00000163563,48.0078269,1.192943254,0.342315247,3.484925853,0.000492273,0.011747155,MNDA,protein_coding
ENSG00000204257,208.2014029,1.006827127,0.288991404,3.483934517,0.0004941,0.011772501,HLA-DMA,protein_coding
ENSG00000183484,5.057471291,1.935107675,0.555505132,3.483509989,0.000494885,0.011778468,GPR132,protein_coding
ENSG00000102924,7.452815318,1.595872401,0.458287498,3.482251664,0.000497216,0.011821207,CBLN1,protein_coding
ENSG00000073331,55.3348256,1.156201472,0.33277332,3.474441618,0.000511918,0.011989853,ALPK1,protein_coding
ENSG00000026751,11.88755326,2.299357085,0.66186709,3.474046557,0.000512672,0.011994787,SLAMF7,protein_coding
ENSG00000108846,90.64007999,1.545567654,0.445370193,3.470298821,0.00051988,0.012115588,ABCC3,protein_coding
ENSG00000177989,7.392110449,1.649120431,0.475322717,3.46947531,0.000521476,0.01212363,ODF3B,protein_coding
ENSG00000134516,21.70026465,1.576160167,0.454428721,3.468443108,0.000523483,0.012157488,DOCK2,protein_coding
ENSG00000233608,3.371974422,2.170047972,0.626151805,3.465689879,0.000528873,0.012243991,TWIST2,protein_coding
ENSG00000167286,12.55948703,1.572471047,0.453830937,3.464882887,0.000530462,0.012267917,CD3D,protein_coding
ENSG00000130303,147.6317566,1.016864319,0.294103254,3.457507876,0.000545196,0.012477869,BST2,protein_coding
ENSG00000124212,29.79297711,1.648733733,0.477443258,3.453255867,0.000553863,0.012623851,PTGIS,protein_coding
ENSG00000167851,17.57222045,1.559969555,0.451840709,3.452476779,0.000555465,0.012647297,CD300A,protein_coding
ENSG00000197253,35.63957592,1.334735862,0.387023872,3.448717147,0.000563256,0.012758856,TPSB2,protein_coding
ENSG00000205090,5.6042706,1.107202118,0.321925644,3.439310101,0.000583199,0.013023395,TMEM240,protein_coding
ENSG00000134028,8.12025942,2.78166234,0.808954804,3.43858807,0.000584756,0.013031796,ADAMDEC1,protein_coding
ENSG00000137491,47.56050206,1.120973485,0.325994707,3.438624802,0.000584677,0.013031796,SLCO2B1,protein_coding
ENSG00000131187,18.63386627,1.08076244,0.314362889,3.437945378,0.000586146,0.013036429,F12,protein_coding
ENSG00000141434,7.317746962,1.776000621,0.517372327,3.432732149,0.000597532,0.013196547,MEP1B,protein_coding
ENSG00000117122,25.79842662,1.632184281,0.476702767,3.423903521,0.000617285,0.013511077,MFAP2,protein_coding
ENSG00000113721,174.784328,1.064280354,0.310916974,3.42303715,0.000619256,0.013513994,PDGFRB,protein_coding
ENSG00000139618,27.31257643,1.073152261,0.313856972,3.419239836,0.000627964,0.01366347,BRCA2,protein_coding
ENSG00000172023,6782.074601,2.448779063,0.716845642,3.41604792,0.000635371,0.013770317,REG1B,protein_coding
ENSG00000250361,4.648264162,1.771355493,0.518499434,3.416311335,0.000634756,0.013770317,GYPB,protein_coding
ENSG00000165300,23.8594837,1.576427451,0.462320501,3.409815157,0.000650069,0.014023774,SLITRK5,protein_coding
ENSG00000170801,42.00684419,1.26135036,0.370608706,3.403455827,0.000665392,0.014239125,HTRA3,protein_coding
ENSG00000157470,18.66263394,1.062287643,0.312908417,3.394883567,0.000686578,0.01459538,FAM81A,protein_coding
ENSG00000100097,610.4856919,1.056721263,0.311632376,3.390922584,0.000696578,0.014706789,LGALS1,protein_coding
ENSG00000148053,369.777948,1.002038307,0.295495664,3.391042332,0.000696273,0.014706789,NTRK2,protein_coding
ENSG00000169129,44.7911534,1.128444621,0.333156513,3.387130606,0.000706278,0.014812359,AFAP1L2,protein_coding
ENSG00000095970,26.92881644,2.097687252,0.619865573,3.384100269,0.000714119,0.014962594,TREM2,protein_coding
ENSG00000126861,24.5809047,1.10243692,0.326205348,3.379579538,0.000725968,0.015110407,OMG,protein_coding
ENSG00000198829,52.22729516,2.414998043,0.714804461,3.378543609,0.000728709,0.015153158,SUCNR1,protein_coding
ENSG00000173702,245.6143647,1.165600167,0.345326011,3.375361623,0.000737188,0.01524327,MUC13,protein_coding
ENSG00000175745,40.26811791,1.170737024,0.347296799,3.370998596,0.000748962,0.015443325,NR2F1,protein_coding
ENSG00000142235,5.71501304,1.510229933,0.448660755,3.366084326,0.000762434,0.015561129,LMTK3,protein_coding
ENSG00000161544,16.67230998,1.113446429,0.331316779,3.360670213,0.000777536,0.015709503,CYGB,protein_coding
ENSG00000141934,30.17478683,1.399424479,0.41645323,3.360340079,0.000778466,0.015713899,PLPP2,protein_coding
ENSG00000155886,174.2006955,1.181476868,0.351669645,3.359621406,0.000780493,0.015726053,SLC24A2,protein_coding
ENSG00000150782,38.5221048,1.318474801,0.392510588,3.359080858,0.000782022,0.01574247,IL18,protein_coding
ENSG00000136732,34.976599,1.088854396,0.324329967,3.357242644,0.00078724,0.015804253,GYPC,protein_coding
ENSG00000103490,14.02387175,1.034914531,0.308511845,3.35453743,0.000794978,0.015879448,PYCARD,protein_coding
ENSG00000140379,15.54440893,1.937212422,0.577383855,3.355155165,0.000793205,0.015879448,BCL2A1,protein_coding
ENSG00000163823,21.21793047,1.436798007,0.428499134,3.35309431,0.000799135,0.015898385,CCR1,protein_coding
ENSG00000162078,15.38961142,1.833729198,0.547266875,3.3507038,0.000806065,0.016007386,ZG16B,protein_coding
ENSG00000186998,12.50638952,1.215811614,0.36283839,3.350835107,0.000805683,0.016007386,EMID1,protein_coding
ENSG00000130592,21.30602429,1.311262757,0.391704619,3.347580529,0.000815203,0.016101901,LSP1,protein_coding
ENSG00000170369,19.78185777,1.590873205,0.47608038,3.341606315,0.000832951,0.016292021,CST2,protein_coding
ENSG00000123560,20.76833549,1.586267929,0.474795128,3.340952417,0.000834915,0.016315976,PLP1,protein_coding
ENSG00000135298,159.0102155,1.081695495,0.324323385,3.335237437,0.000852266,0.01652199,ADGRB3,protein_coding
ENSG00000054967,4.98177327,1.690489078,0.509441748,3.318316734,0.000905617,0.017306908,RELT,protein_coding
ENSG00000128805,7.552663807,1.476937231,0.445554336,3.314830788,0.000916986,0.017451557,ARHGAP22,protein_coding
ENSG00000142512,8.075755179,1.549442163,0.467659406,3.313185074,0.000922399,0.017498619,SIGLEC10,protein_coding
ENSG00000135625,16.88387348,1.148946008,0.347016524,3.310925932,0.000929878,0.017597871,EGR4,protein_coding
ENSG00000157613,65.52040036,1.308618834,0.395860594,3.305756755,0.000947203,0.017785647,CREB3L1,protein_coding
ENSG00000154760,11.36724915,1.432430702,0.434411142,3.297407834,0.000975817,0.018168312,SLFN13,protein_coding
ENSG00000215018,84.92776348,1.005965873,0.305062893,3.297568787,0.000975258,0.018168312,COL28A1,protein_coding
ENSG00000170231,20.82501887,1.364167525,0.414026665,3.294878421,0.000984643,0.01827096,FABP6,protein_coding
ENSG00000149131,1393.554968,1.22639742,0.373133324,3.28675393,0.001013494,0.018572016,SERPING1,protein_coding
ENSG00000198795,34.89035051,1.11278814,0.339052053,3.282056931,0.001030528,0.018790528,ZNF521,protein_coding
ENSG00000100473,31.64728939,1.496487758,0.455999976,3.28177157,0.001031571,0.018794021,COCH,protein_coding
ENSG00000169594,4.508743809,3.320181462,1.012046167,3.28066206,0.001035637,0.018852533,BNC1,protein_coding
ENSG00000100365,22.77591236,1.298867128,0.396049327,3.279558985,0.001039695,0.018889067,NCF4,protein_coding
ENSG00000160182,22.13494562,2.624778916,0.800674839,3.278208316,0.001044683,0.018889067,TFF1,protein_coding
ENSG00000167613,34.90244964,1.270542257,0.387508056,3.27875056,0.001042678,0.018889067,LAIR1,protein_coding
ENSG00000184113,8.615294718,1.227657406,0.374522106,3.277930428,0.001045712,0.018889067,CLDN5,protein_coding
ENSG00000196754,4.472631497,2.500097411,0.762798485,3.277533268,0.001047184,0.018889067,S100A2,protein_coding
ENSG00000136943,58.6355076,-1.082751564,0.330596738,-3.275142914,0.001056085,0.018943423,CTSV,protein_coding
ENSG00000002726,16.01901261,1.245407756,0.381359177,3.265708111,0.001091907,0.019339118,AOC1,protein_coding
ENSG00000167711,9.859825368,1.335499499,0.408954897,3.265640069,0.00109217,0.019339118,SERPINF2,protein_coding
ENSG00000060558,5.434214481,1.329070208,0.407237944,3.26362076,0.001099983,0.019393727,GNA15,protein_coding
ENSG00000116254,52.69555798,1.141117061,0.349631289,3.26377271,0.001099393,0.019393727,CHD5,protein_coding
ENSG00000138135,30.59877377,1.186628475,0.363792481,3.261827926,0.001106963,0.019491563,CH25H,protein_coding
ENSG00000213809,4.836280284,1.605661775,0.492761118,3.258499337,0.001120031,0.019611038,KLRK1,protein_coding
ENSG00000073737,13.5530312,1.837950921,0.564894008,3.253620851,0.001139442,0.019841767,DHRS9,protein_coding
ENSG00000271503,67.8186304,1.005476883,0.309013224,3.253831247,0.001138599,0.019841767,CCL5,protein_coding
ENSG00000123843,6.543029343,2.491845338,0.766903927,3.249227509,0.001157189,0.020070432,C4BPB,protein_coding
ENSG00000128298,41.39446046,1.097092252,0.337761731,3.248124791,0.001161683,0.020106517,BAIAP2L2,protein_coding
ENSG00000160013,11.0450885,1.252899162,0.385816808,3.247393933,0.001164671,0.020106517,PTGIR,protein_coding
ENSG00000162645,103.0292113,1.059742467,0.326324913,3.247507079,0.001164208,0.020106517,GBP2,protein_coding
ENSG00000275302,44.91138308,1.209191495,0.372283827,3.248036602,0.001162043,0.020106517,CCL4,protein_coding
ENSG00000082074,98.36095675,1.171633265,0.361453261,3.241451634,0.001189226,0.020385785,FYB1,protein_coding
ENSG00000187479,26.67327445,1.535538211,0.47410377,3.238823035,0.00120024,0.020511928,C11orf96,protein_coding
ENSG00000106560,35.99986601,1.257764422,0.388374015,3.238539069,0.001201436,0.020515367,GIMAP2,protein_coding
ENSG00000107719,10.87347155,1.43116323,0.44194434,3.238333658,0.001202301,0.020515367,PALD1,protein_coding
ENSG00000132321,34.69247596,1.843447939,0.569664847,3.236021932,0.001212081,0.020650299,IQCA1,protein_coding
ENSG00000126353,5.572120337,2.003500688,0.619670951,3.233168645,0.001224253,0.020788324,CCR7,protein_coding
ENSG00000174807,30.90091183,1.206068235,0.373248734,3.231272138,0.001232405,0.020839236,CD248,protein_coding
ENSG00000275395,53.71217832,1.096584635,0.339918062,3.226026376,0.001255218,0.021027997,FCGBP,protein_coding
ENSG00000117115,19.73104749,1.728536105,0.536594686,3.22130679,0.001276075,0.021296548,PADI2,protein_coding
ENSG00000011028,23.51752091,1.292760373,0.401536102,3.219537092,0.001283977,0.021412241,MRC2,protein_coding
ENSG00000172819,32.55712285,1.082353112,0.336459733,3.216887513,0.001295894,0.021545824,RARG,protein_coding
ENSG00000198796,3.768280133,2.700676103,0.843960707,3.200002182,0.001374265,0.022360395,ALPK2,protein_coding
ENSG00000141338,89.84244797,1.197087365,0.374180277,3.199226251,0.00137797,0.022387443,ABCA8,protein_coding
ENSG00000159216,78.06192887,1.273336959,0.398241103,3.19740215,0.001386714,0.022452388,RUNX1,protein_coding
ENSG00000182742,16.36673803,1.555920545,0.486663212,3.197119706,0.001388073,0.022452388,HOXB4,protein_coding
ENSG00000109205,4.761115579,2.453036934,0.767588509,3.195770786,0.001394579,0.022524587,ODAM,protein_coding
ENSG00000143954,766.5615689,2.127334312,0.667088363,3.188984296,0.001427736,0.02279316,REG3G,protein_coding
ENSG00000155659,114.7016409,1.277976742,0.400956886,3.187317109,0.001435992,0.022908388,VSIG4,protein_coding
ENSG00000182492,493.4032503,1.14069368,0.357951123,3.18673027,0.001438909,0.022921768,BGN,protein_coding
ENSG00000177468,20.06102845,1.10340506,0.34704423,3.179436403,0.001475617,0.023304616,OLIG3,protein_coding
ENSG00000120332,6.76151527,1.825358687,0.574952412,3.1747996,0.0014994,0.02346189,TNN,protein_coding
ENSG00000023839,13.93935269,1.530747907,0.48236746,3.17340624,0.001506616,0.023508104,ABCC2,protein_coding
ENSG00000254726,7.550900532,1.428944972,0.450588274,3.171287527,0.001517648,0.023663518,MEX3A,protein_coding
ENSG00000205045,3.424995773,2.279506381,0.719806925,3.1668303,0.001541102,0.023894124,SLFN12L,protein_coding
ENSG00000070882,28.83761625,1.340414052,0.423355887,3.16616372,0.001544638,0.023899297,OSBPL3,protein_coding
ENSG00000160593,46.87085291,1.321561461,0.417777476,3.163314295,0.001559838,0.024032621,JAML,protein_coding
ENSG00000170891,4.777308642,2.251119763,0.712192571,3.160830167,0.001573202,0.024170999,CYTL1,protein_coding
ENSG00000186510,10.96274805,1.282501237,0.406001477,3.158858547,0.001583883,0.024301266,CLCNKA,protein_coding
ENSG00000122966,164.5077505,1.064336894,0.337046095,3.157837783,0.00158944,0.024352646,CIT,protein_coding
ENSG00000102239,146.8914523,1.210073436,0.383226924,3.157589825,0.001590792,0.024356452,BRS3,protein_coding
ENSG00000110900,16.56881054,1.46919866,0.465919617,3.153330758,0.001614188,0.024527431,TSPAN11,protein_coding
ENSG00000115380,253.625157,1.09346069,0.347190639,3.149453261,0.001635763,0.024715927,EFEMP1,protein_coding
ENSG00000197646,8.091603206,1.878033694,0.596655442,3.147601717,0.001646158,0.024776011,PDCD1LG2,protein_coding
ENSG00000254415,4.948064899,2.221748705,0.706541207,3.144542291,0.001663469,0.024932819,SIGLEC14,protein_coding
ENSG00000126231,3.992119801,1.453557935,0.462581125,3.142276796,0.001676395,0.025058467,PROZ,protein_coding
ENSG00000111199,5.493622406,1.832256549,0.583652018,3.139296179,0.001693542,0.025110627,TRPV4,protein_coding
ENSG00000086967,3.527014287,1.931516493,0.616614115,3.132455854,0.001733505,0.025491851,MYBPC2,protein_coding
ENSG00000162621,20.38030162,2.134458584,0.681429304,3.132325794,0.001734273,0.025491851,LRRC53,protein_coding
ENSG00000121351,153133.4664,-1.18767023,0.379349279,-3.130809242,0.001743254,0.025504909,IAPP,protein_coding
ENSG00000187753,4.237470249,1.577344737,0.503803403,3.130873526,0.001742872,0.025504909,C9orf153,protein_coding
ENSG00000276231,5.551350184,1.716293969,0.548164901,3.130981146,0.001742233,0.025504909,PIK3R6,protein_coding
ENSG00000125735,3.932547512,2.508394266,0.802701704,3.124939505,0.001778416,0.025862043,TNFSF14,protein_coding
ENSG00000176845,8.014138505,1.313631185,0.42056522,3.123489827,0.0017872,0.025891069,METRNL,protein_coding
ENSG00000177575,73.90739039,1.261820873,0.404169703,3.122007574,0.001796223,0.026003984,CD163,protein_coding
ENSG00000276600,22.82854866,1.292876399,0.414411453,3.119789257,0.001809805,0.026123657,RAB7B,protein_coding
ENSG00000185338,15.47289009,1.540362857,0.494135865,3.11728609,0.001825244,0.026286128,SOCS1,protein_coding
ENSG00000138778,17.62178084,1.152213508,0.370088566,3.113345331,0.001849794,0.026518527,CENPE,protein_coding
ENSG00000171617,102.4463464,1.110893392,0.35693838,3.11228339,0.001856462,0.026562335,ENC1,protein_coding
ENSG00000157227,13.32321077,1.186241169,0.381877671,3.106338128,0.0018942,0.026881739,MMP14,protein_coding
ENSG00000182752,24.52558228,1.196273992,0.38519949,3.10559599,0.00189896,0.026891366,PAPPA,protein_coding
ENSG00000147168,11.39685905,1.397327402,0.450730217,3.10014139,0.001934283,0.027260997,IL2RG,protein_coding
ENSG00000099994,9.921119953,1.365697571,0.440937785,3.097256842,0.001953206,0.027395789,SUSD2,protein_coding
ENSG00000130208,49.972559,1.202282382,0.388143315,3.097521809,0.00195146,0.027395789,APOC1,protein_coding
ENSG00000157570,18.85269023,1.34386994,0.433815398,3.097792164,0.001949681,0.027395789,TSPAN18,protein_coding
ENSG00000111796,10.6362365,1.36885272,0.44257282,3.092943488,0.001981819,0.027696193,KLRB1,protein_coding
ENSG00000135519,19.55677969,1.003444666,0.3248085,3.089342387,0.002006001,0.027888092,KCNH3,protein_coding
ENSG00000163359,614.6082206,1.133160036,0.367931815,3.079809874,0.002071328,0.028420214,COL6A3,protein_coding
ENSG00000168542,1915.878173,1.157259495,0.375867746,3.078900779,0.002077659,0.028475144,COL3A1,protein_coding
ENSG00000115604,32.33466373,1.18089042,0.384751078,3.069232256,0.002146097,0.028995305,IL18R1,protein_coding
ENSG00000165194,8.783327529,1.982653788,0.646483803,3.0668267,0.002163442,0.029104897,PCDH19,protein_coding
ENSG00000164530,12.82183048,1.386469503,0.452981666,3.06076296,0.002207738,0.029485063,PI16,protein_coding
ENSG00000139352,73.88961087,1.876044779,0.612971825,3.060572609,0.002209142,0.029485963,ASCL1,protein_coding
ENSG00000174473,30.04357592,1.495216007,0.488708353,3.059526196,0.002216874,0.029535562,GALNTL6,protein_coding
ENSG00000131471,30.7569477,1.072017333,0.350621224,3.057479866,0.002232066,0.029670004,AOC3,protein_coding
ENSG00000143340,16.26187377,1.492012491,0.48813076,3.056583634,0.00223875,0.029683621,FAM163A,protein_coding
ENSG00000143434,11.90772763,1.011759932,0.331250304,3.054366807,0.002255361,0.029760788,SEMA6C,protein_coding
ENSG00000154553,71.68555578,1.049946156,0.343739652,3.054480771,0.002254505,0.029760788,PDLIM3,protein_coding
ENSG00000127507,14.16952288,1.529434848,0.501647504,3.048823798,0.002297392,0.03013517,ADGRE2,protein_coding
ENSG00000136689,11.53040823,1.783084065,0.586920014,3.038035885,0.002381256,0.030886332,IL1RN,protein_coding
ENSG00000101213,3.919625193,1.980665907,0.652600441,3.035036116,0.002405069,0.031122014,PTK6,protein_coding
ENSG00000204291,350.9621731,1.149283907,0.378771066,3.034244189,0.002411392,0.031175863,COL15A1,protein_coding
ENSG00000122733,8.092665442,1.813713925,0.598709195,3.029373758,0.002450613,0.031453097,PHF24,protein_coding
ENSG00000166482,693.3037912,1.123266879,0.370878631,3.028664327,0.002456374,0.031494549,MFAP4,protein_coding
ENSG00000121898,36.56013563,1.030340384,0.340473903,3.026194889,0.002476526,0.03159441,CPXM2,protein_coding
ENSG00000271605,12.01881744,1.637654441,0.541809201,3.022566685,0.002506409,0.031782032,MILR1,protein_coding
ENSG00000105664,41.01685691,1.501957013,0.497846038,3.016910648,0.002553651,0.032257616,COMP,protein_coding
ENSG00000102359,60.79288649,1.091875987,0.3620528,3.015792134,0.002563089,0.032332438,SRPX2,protein_coding
ENSG00000164604,20.9724546,2.130679659,0.707406746,3.011958354,0.002595682,0.0325828,GPR85,protein_coding
ENSG00000100292,32.97932104,1.340717765,0.445543656,3.009172603,0.002619602,0.032713076,HMOX1,protein_coding
ENSG00000124107,130.11705,1.277373629,0.42482463,3.006825729,0.002639911,0.032820787,SLPI,protein_coding
ENSG00000166866,4.614936468,2.24771597,0.750373893,2.995461316,0.002740301,0.033366033,MYO1A,protein_coding
ENSG00000177675,14.01931112,1.529643855,0.510892114,2.994064329,0.002752879,0.033446524,CD163L1,protein_coding
ENSG00000116701,28.15642461,1.292207894,0.431652308,2.99363138,0.002756788,0.033456002,NCF2,protein_coding
ENSG00000276070,27.91439703,1.428688661,0.477539477,2.991770795,0.002773644,0.033623578,CCL4L2,protein_coding
ENSG00000078401,71.11535311,1.06495396,0.356115972,2.990469522,0.002785489,0.033687096,EDN1,protein_coding
ENSG00000171246,5.219003824,2.30358652,0.770428177,2.990008139,0.0027897,0.033688692,NPTX1,protein_coding
ENSG00000119535,19.96677884,1.144009319,0.382833594,2.988267847,0.002805636,0.033770179,CSF3R,protein_coding
ENSG00000043462,47.16256904,1.133199719,0.379449976,2.986427172,0.002822581,0.033918625,LCP2,protein_coding
ENSG00000079931,63.0777582,1.351396473,0.452910405,2.983805311,0.002846879,0.034010649,MOXD1,protein_coding
ENSG00000155926,47.4955255,1.148421744,0.385011681,2.98282312,0.00285603,0.034042458,SLA,protein_coding
ENSG00000173391,33.77836016,2.023466958,0.679153629,2.979395047,0.002888182,0.034196032,OLR1,protein_coding
ENSG00000196878,9.703627819,1.389169682,0.466528461,2.977674028,0.002904447,0.034267816,LAMB3,protein_coding
ENSG00000186529,114.6307657,1.062935701,0.357001031,2.977402328,0.002907023,0.034279871,CYP4F3,protein_coding
ENSG00000135077,24.90601636,1.300150023,0.437353944,2.972763917,0.002951314,0.03469126,HAVCR2,protein_coding
ENSG00000171051,44.1855698,1.301397758,0.438342079,2.968909031,0.002988591,0.034961439,FPR1,protein_coding
ENSG00000163132,14.40657966,1.040660948,0.350622395,2.968039015,0.002997063,0.034998768,MSX1,protein_coding
ENSG00000188015,4.102602166,2.418107436,0.815403147,2.965536059,0.003021559,0.03510514,S100A3,protein_coding
ENSG00000149781,9.290719418,1.34220846,0.452706064,2.964856373,0.003028243,0.035164273,FERMT3,protein_coding
ENSG00000234409,11.88987736,1.153103199,0.388972638,2.964484098,0.003031909,0.035180515,CCDC188,protein_coding
ENSG00000172349,26.15839318,1.09583819,0.370026124,2.961515741,0.003061288,0.035324899,IL16,protein_coding
ENSG00000125869,99.09942723,1.330297523,0.449344445,2.960529585,0.003071106,0.035419664,LAMP5,protein_coding
ENSG00000155307,54.06964381,1.064127859,0.359780737,2.957712156,0.003099314,0.035707657,SAMSN1,protein_coding
ENSG00000153446,25.71721346,1.214502243,0.4110194,2.954853815,0.003128172,0.035933927,C16orf89,protein_coding
ENSG00000145147,193.0911306,1.039545181,0.352105753,2.952366366,0.003153485,0.036082513,SLIT2,protein_coding
ENSG00000163431,47.56376802,1.035872461,0.351021738,2.951020829,0.003167256,0.036169337,LMOD1,protein_coding
ENSG00000112799,28.61146553,1.191483467,0.404256676,2.94734395,0.003205165,0.036402179,LY86,protein_coding
ENSG00000184347,65.11419684,1.052465814,0.357147796,2.946863529,0.003210148,0.036432873,SLIT3,protein_coding
ENSG00000068078,47.04326084,1.270221358,0.431278813,2.945244055,0.003227,0.036586487,FGFR3,protein_coding
ENSG00000146192,13.46261509,1.15909493,0.394096855,2.9411423,0.003270043,0.036914932,FGD2,protein_coding
ENSG00000129810,13.18075493,1.07436578,0.365340527,2.94072434,0.003274458,0.036916133,SGO1,protein_coding
ENSG00000158714,4.184613914,2.250985179,0.767361998,2.93340716,0.003352639,0.037547856,SLAMF8,protein_coding
ENSG00000128602,15.44768337,1.187743072,0.405331669,2.930299218,0.003386358,0.037810327,SMO,protein_coding
ENSG00000178860,11.42129834,1.477598198,0.504447132,2.929143816,0.003398971,0.037912791,MSC,protein_coding
ENSG00000142748,46.42536235,1.436770346,0.491106025,2.925580778,0.003438139,0.03812898,FCN3,protein_coding
ENSG00000275832,25.2423718,1.133631309,0.38772483,2.923803741,0.003457827,0.03820232,ARHGAP23,protein_coding
ENSG00000080644,19.25769717,1.195700632,0.409602791,2.919171104,0.003509635,0.038581506,CHRNA3,protein_coding
ENSG00000198125,22.71165874,1.426847226,0.489586431,2.914392916,0.00356381,0.039001735,MB,protein_coding
ENSG00000213654,22.12392326,1.082188763,0.371370315,2.914042184,0.003567817,0.039007307,GPSM3,protein_coding
ENSG00000122035,10.51622844,1.034529921,0.355083859,2.913480565,0.003574241,0.03901957,RASL11A,protein_coding
ENSG00000196411,34.92456095,1.078228756,0.370549235,2.909812395,0.003616458,0.039324744,EPHB4,protein_coding
ENSG00000203747,63.90641912,1.035250792,0.35586183,2.909136936,0.003624281,0.039371003,FCGR3A,protein_coding
ENSG00000166246,9.105812889,1.334394295,0.459082744,2.906653134,0.00365318,0.039548635,DNAAF8,protein_coding
ENSG00000102575,13.56809869,1.437129194,0.494576898,2.905775018,0.003663448,0.039562879,ACP5,protein_coding
ENSG00000186818,12.65732276,1.494145034,0.514252867,2.905467581,0.003667048,0.039562879,LILRB4,protein_coding
ENSG00000167992,8.4687271,1.431416079,0.493391252,2.901178472,0.003717621,0.039991159,VWCE,protein_coding
ENSG00000110876,11.75990846,1.333833101,0.460185103,2.898470835,0.003749872,0.040161855,SELPLG,protein_coding
ENSG00000119715,7.617545987,1.20459938,0.416313885,2.893488361,0.003809884,0.040326106,ESRRB,protein_coding
ENSG00000183918,4.646967448,2.093132682,0.724151921,2.890460717,0.003846776,0.040453489,SH2D1A,protein_coding
ENSG00000171557,16.5678425,2.175277343,0.75359756,2.886523868,0.003895232,0.040825303,FGG,protein_coding
ENSG00000047648,13.93857466,1.298865388,0.450091123,2.88578317,0.00390441,0.04082607,ARHGAP6,protein_coding
ENSG00000090104,367.2286444,1.276572199,0.442351658,2.885876371,0.003903254,0.04082607,RGS1,protein_coding
ENSG00000158473,12.41647844,1.251187565,0.434895878,2.876981889,0.004014986,0.041413111,CD1D,protein_coding
ENSG00000121797,18.49498472,1.57147473,0.546411155,2.875993131,0.004027585,0.041446177,CCRL2,protein_coding
ENSG00000103175,6.37873768,1.571327911,0.546759434,2.873892638,0.004054468,0.041648056,WFDC1,protein_coding
ENSG00000118785,3082.500205,1.199290167,0.417311143,2.873851291,0.004054998,0.041648056,SPP1,protein_coding
ENSG00000110245,3.376774669,2.287364653,0.796192265,2.872879772,0.004067489,0.041705695,APOC3,protein_coding
ENSG00000142347,17.52576708,1.055438802,0.367896478,2.868847256,0.004119707,0.042099627,MYO1F,protein_coding
ENSG00000146674,274.8190452,1.044275711,0.364052023,2.868479352,0.004124501,0.042120628,IGFBP3,protein_coding
ENSG00000118523,533.2827938,1.053905276,0.367458849,2.868090613,0.004129572,0.042122403,CCN2,protein_coding
ENSG00000129167,298.8067774,1.072097797,0.374599186,2.861986457,0.004209949,0.042634447,TPH1,protein_coding
ENSG00000105137,15.19175501,1.02581352,0.359060115,2.856940875,0.004277455,0.04307325,SYDE1,protein_coding
ENSG00000158270,14.16503778,1.188256159,0.41625062,2.854665199,0.004308222,0.04328429,COLEC12,protein_coding
ENSG00000102879,6.303352185,1.505996322,0.527792474,2.853387262,0.004325587,0.043379742,CORO1A,protein_coding
ENSG00000146070,4.35549195,2.123474142,0.744725544,2.85135129,0.004353384,0.043579274,PLA2G7,protein_coding
ENSG00000105383,12.14185831,1.572051489,0.551653012,2.849710698,0.004375901,0.04372532,CD33,protein_coding
ENSG00000198010,10.83098966,1.215001859,0.427720379,2.840645239,0.004502237,0.044444227,DLGAP2,protein_coding
ENSG00000178999,3.693775786,2.040443223,0.719861042,2.834495969,0.004589804,0.045046637,AURKB,protein_coding
ENSG00000145423,541.6951767,1.167183494,0.413002696,2.826091709,0.004711977,0.045939174,SFRP2,protein_coding
ENSG00000079263,10.52313945,1.448889684,0.512786465,2.825522477,0.004720358,0.045997363,SP140,protein_coding
ENSG00000000971,320.7257471,1.085347154,0.384499734,2.822751377,0.004761348,0.046220248,CFH,protein_coding
ENSG00000130997,11.4928212,1.112138619,0.394161209,2.821532389,0.004779481,0.046311484,POLN,protein_coding
ENSG00000240583,332.4679287,1.053068479,0.374184737,2.814301002,0.004888343,0.047096733,AQP1,protein_coding
ENSG00000125531,5.138202609,1.864142392,0.662627083,2.81326019,0.004904195,0.047228833,FNDC11,protein_coding
ENSG00000101938,54.14513782,1.154284071,0.41071587,2.810419938,0.00494769,0.047481896,CHRDL1,protein_coding
ENSG00000204583,6.133572887,2.284137736,0.813413539,2.808089152,0.004983643,0.047764601,LRCOL1,protein_coding
ENSG00000167261,6.583539614,1.349025826,0.48062246,2.806830597,0.005003154,0.047894611,DPEP2,protein_coding
ENSG00000155511,11.5704874,1.875508004,0.668792459,2.804319905,0.005042285,0.048034512,GRIA1,protein_coding
ENSG00000139354,9.249579447,1.447676158,0.516344364,2.803702838,0.005051944,0.048063305,GAS2L3,protein_coding
ENSG00000160963,8.47557357,1.722905882,0.61617443,2.796133363,0.005171805,0.048514262,COL26A1,protein_coding
ENSG00000185985,7.917739489,1.496896352,0.536250714,2.791411393,0.005247872,0.048918116,SLITRK2,protein_coding
ENSG00000182272,6.262212708,1.058457256,0.379777829,2.787043306,0.005319137,0.049303212,B4GALNT4,protein_coding
ENSG00000162591,5.670135499,1.4130893,0.507160979,2.786273706,0.005331783,0.049379109,MEGF6,protein_coding
ENSG00000128591,4.45504602,2.201780213,0.791199128,2.782839534,0.005388545,0.049806229,FLNC,protein_coding
ENSG00000166927,116.7810697,1.002956534,0.360454042,2.782481028,0.005394502,0.049819546,MS4A7,protein_coding
