ID,Description,GeneRatio,BgRatio,RichFactor,FoldEnrichment,zScore,pvalue,p.adjust,qvalue,geneID,Count
GO:0002694,regulation of leukocyte activation,60/455,500/16547,0.12,4.36404395604396,12.8439005470536,2.75902559081085e-22,1.02663342234072e-18,5.29144244655269e-19,FCGR3A/HLA-DRB1/SPN/CD1D/CCR7/INPP5D/TREM2/SLAMF8/CD300A/VSIG4/RUNX1/HLA-DMA/IL4R/HLA-DMB/HLA-DQA1/HLA-DQB2/IL18/LAPTM5/MMP14/CD3E/SAMSN1/CCL5/PYCARD/PLA2G2A/MILR1/IL7R/PTPRC/HLA-DRB5/LAT/IGF1/CCL21/IL2RG/KLRK1/CD74/LILRB4/TYROBP/CD33/HLA-DRA/PDCD1LG2/KLRC4-KLRK1/MNDA/IL16/RUNX3/TNFSF14/LGALS1/LGALS9C/LGALS9/HLA-DPB1/HLA-DQA2/SOCS1/LST1/PIK3R6/CCL19/ENPP3/CD84/CTSG/HAVCR2/HLA-DOA/FN1/TIGIT,60
GO:0002683,negative regulation of immune system process,54/455,474/16547,0.113924050632911,4.14307970510502,11.6746344016998,4.43898684247164e-19,5.50582334694566e-16,2.83779455521956e-16,C4BPB/HLA-DRB1/SPN/C4BPA/INPP5D/TREM2/SLAMF8/CD300A/RIN3/VSIG4/HMOX1/RUNX1/AURKB/ADIPOQ/SERPING1/COL3A1/IL18/LAPTM5/RAB7B/SAMSN1/PLA2G2A/MILR1/CARTPT/SH2D1A/PTPRC/APOD/CCL21/KLRK1/NPY/LILRB4/TYROBP/CD33/PADI2/PDCD1LG2/KLRC4-KLRK1/MNDA/ISG15/RUNX3/GDF15/LGALS1/C1QC/LGALS9C/LGALS9/BST2/SOCS1/LST1/SLIT2/ENPP3/CD84/CTSG/HAVCR2/HLA-DOA/FN1/TIGIT,54
GO:0022407,regulation of cell-cell adhesion,52/455,447/16547,0.116331096196868,4.23061681048258,11.6432297836543,8.44349292392848e-19,7.85455929248447e-16,4.04837282079287e-16,HLA-DRB1/AKNA/SPN/CD1D/CCR7/CD300A/VSIG4/RUNX1/FGA/HLA-DMA/HLA-DMB/HLA-DQA1/ADIPOQ/HLA-DQB2/IL18/LAPTM5/CD3E/CCL5/PYCARD/SERPINF2/PLA2G2A/IL1RN/IL7R/FERMT3/PTPRC/HLA-DRB5/IGF1/CCL21/IL2RG/KLRK1/TRPV4/FGG/LILRB4/HLA-DRA/ITGB2/PDCD1LG2/KLRC4-KLRK1/RUNX3/TNFSF14/LGALS1/LGALS9C/LGALS9/HLA-DPB1/HLA-DQA2/SOCS1/PIK3R6/CCL19/ADAM19/CTSG/HAVCR2/HLA-DOA/TIGIT,52
GO:0007159,leukocyte cell-cell adhesion,47/455,378/16547,0.124338624338624,4.52182685039828,11.6471459052815,3.0765303981255e-18,2.28955392228499e-15,1.18007484895902e-15,HLA-DRB1/SPN/OLR1/CD1D/CCR7/ITGAX/CD300A/VSIG4/RUNX1/HLA-DMA/HLA-DMB/HLA-DQA1/HLA-DQB2/IL18/LAPTM5/SELPLG/CD3E/CCL5/PYCARD/PLA2G2A/IL7R/FERMT3/PTPRC/HLA-DRB5/IGF1/CCL21/IL2RG/KLRK1/LILRB4/HLA-DRA/ITGB2/PDCD1LG2/KLRC4-KLRK1/RUNX3/TNFSF14/LGALS1/LGALS9C/LGALS9/HLA-DPB1/HLA-DQA2/SOCS1/PIK3R6/CCL19/CTSG/HAVCR2/HLA-DOA/TIGIT,47
GO:0042110,T cell activation,53/455,482/16547,0.109958506224066,3.99886462085632,11.2353656574327,4.68476295262127e-18,2.90533382445063e-15,1.49745823441556e-15,HLA-DRB1/SLAMF7/SPN/CD1D/CCR7/TREM2/CD300A/VSIG4/JAML/RUNX1/HLA-DMA/HLA-DMB/HLA-DQA1/HLA-DQB2/IL18/LAPTM5/LCP1/IL18R1/CD3E/CCL5/PYCARD/PLA2G2A/IL7R/PTPRC/CD3D/HLA-DRB5/LAT/IGF1/CCL21/IL2RG/KLRK1/CD74/LILRB4/TYROBP/HLA-DRA/PDCD1LG2/KLRC4-KLRK1/RUNX3/TNFSF14/LGALS1/LGALS9C/CLEC2D/LGALS9/HLA-DPB1/HLA-DQA2/SOCS1/PIK3R6/CCL19/CD84/CTSG/HAVCR2/HLA-DOA/TIGIT,53
GO:0002443,leukocyte mediated immunity,45/455,387/16547,0.116279069767442,4.22872476360848,10.8071959350664,2.21821867412318e-16,6.87832640534361e-14,3.54520586515645e-14,C4BPB/C3/FCGR3A/HLA-DRB1/SLAMF7/C4BPA/CD1D/INPP5D/TREM2/CD300A/CORO1A/IL18/IL18R1/MILR1/FES/PTPRC/LAT/IL2RG/KLRK1/CD74/LILRB4/C2/TYROBP/FCER1G/HLA-DRA/ITGB2/KLRC4-KLRK1/PTGDS/C1S/C1QC/WAS/SLC18A2/LGALS9/BST2/ADGRE2/PIK3R6/C1QA/PRF1/C1R/CD84/C1QB/CTSG/HAVCR2/KLRB1/TIGIT,45
GO:0006959,humoral immune response,34/455,235/16547,0.14468085106383,5.26161328033668,11.0637297351559,1.82249035792911e-15,4.23842913865888e-13,2.18455812590545e-13,C4BPB/C3/HLA-DRB1/C4BPA/CCR7/TREM2/CFH/VSIG4/FGA/MS4A1/SERPING1/LYZ/REG3A/CCL5/CCL21/SLPI/PGC/NPY/C2/JCHAIN/FCN3/CCL4/CXCL2/C1S/C1QC/REG3G/CCL19/C1QA/NTS/C1R/CCL4L1/C1QB/CTSG/REG1B,34
GO:0002274,myeloid leukocyte activation,32/455,213/16547,0.150234741784038,5.46359180725378,11.0249135891343,4.22102532362415e-15,8.26654485747656e-13,4.26071715505346e-13,FCGR3A/TREM2/CD300A/VSIG4/IL4R/CCL5/PYCARD/PLA2G2A/MILR1/LCP2/FES/PTPRC/LAT/CD74/NPY/LILRB4/TYROBP/FCER1G/CD33/ITGB2/IL16/PTGDS/SLC18A2/LGALS9/ADGRE2/C1QA/DOCK2/ENPP3/CD84/CTSG/HAVCR2/FN1,32
GO:0006935,chemotaxis,43/455,408/16547,0.105392156862745,3.83280004309416,9.74215169039132,3.60334045509821e-14,6.09455901519111e-12,3.14123888471069e-12,PLCB2/PDGFRB/C3/CH25H/SPN/TYMP/CCR7/TREM2/SLAMF8/CSF1R/S100A4/RIN3/JAML/PTAFR/CORO1A/MMP2/PLA2G7/CCL5/SAA1/FES/CCL21/KLRK1/CD74/TRPV4/SLIT3/PADI2/ITGB2/KLRC4-KLRK1/CCL4/CCRL2/CXCL2/IL16/CCR1/SEMA6C/LGALS9/ADGRE2/FPR1/EDN1/CCL19/SLIT2/CCL4L1/CMTM3/CTSG,43
GO:0030198,extracellular matrix organization,34/455,261/16547,0.130268199233716,4.73746789608859,10.2338183899196,4.35026285045669e-14,7.03796872458667e-12,3.62748821890866e-12,TGM2/COL8A2/FBLN1/MMP19/COL4A2/COL1A1/ANGPTL7/CMA1/POSTN/COLEC12/RUNX1/COL15A1/SULF1/COL16A1/MMP2/COL3A1/MFAP4/SERPINH1/MMP14/TPSAB1/MYH11/SERPINF2/COL4A5/COL28A1/COL5A1/ELN/LAMB2/COL11A1/CREB3L1/AGT/CCDC80/COL8A1/CTSG/COL14A1,34
GO:0070661,leukocyte proliferation,33/455,248/16547,0.133064516129032,4.83916164480681,10.2430420366727,5.63150542328898e-14,8.05955064617626e-12,4.15402883456534e-12,FCGR3A/HLA-DRB1/SPN/CD1D/TREM2/CSF1R/CD300A/VSIG4/HLA-DMB/MS4A1/IL18/LAPTM5/CD3E/CCL5/PYCARD/PLA2G2A/PTPRC/IGF1/IL2RG/CD74/LILRB4/TYROBP/PDCD1LG2/MNDA/TNFSF14/LGALS9C/LGALS9/HLA-DPB1/BST2/LST1/CCL19/ENPP3/HAVCR2,33
GO:0070663,regulation of leukocyte proliferation,30/455,211/16547,0.14218009478673,5.17066819436488,10.2522975407362,1.38933827071306e-13,1.84633132332975e-11,9.51630418615429e-12,FCGR3A/HLA-DRB1/SPN/CD1D/CSF1R/CD300A/VSIG4/HLA-DMB/IL18/LAPTM5/CD3E/CCL5/PYCARD/PLA2G2A/PTPRC/IGF1/IL2RG/CD74/LILRB4/TYROBP/PDCD1LG2/MNDA/LGALS9C/LGALS9/HLA-DPB1/BST2/LST1/CCL19/ENPP3/HAVCR2,30
GO:0002503,peptide antigen assembly with MHC class II protein complex,10/455,14/16547,0.714285714285714,25.9764521193093,15.7204918095636,2.0336085505376e-13,2.52235247218347e-11,1.30006316237474e-11,HLA-DRB1/HLA-DMA/HLA-DMB/HLA-DQA1/HLA-DQB2/HLA-DRB5/HLA-DRA/HLA-DPB1/HLA-DQA2/HLA-DOA,10
GO:0050900,leukocyte migration,37/455,334/16547,0.110778443113772,4.02868329275515,9.40248393954954,5.24839187707259e-13,6.29976328212487e-11,3.24700463757224e-11,C3/CH25H/SPN/CCR7/TREM2/SLAMF8/CSF1R/CD300A/RIN3/JAML/HMOX1/MMP2/PLA2G7/MMP14/SELPLG/CCL5/PYCARD/SAA1/APOD/CCL21/KLRK1/CD74/TRPV4/PADI2/ITGB2/KLRC4-KLRK1/CCL4/IL16/CCR1/GDF15/LGALS9/ADGRE2/EDN1/CCL19/SLIT2/CCL4L1/CTSG,37
GO:0030595,leukocyte chemotaxis,28/455,203/16547,0.137931034482759,5.01614247821144,9.6811098969381,1.97063538136692e-12,2.29147945439572e-10,1.18106730080417e-10,C3/CH25H/CCR7/SLAMF8/CSF1R/RIN3/JAML/MMP2/PLA2G7/CCL5/SAA1/CCL21/KLRK1/CD74/TRPV4/PADI2/ITGB2/KLRC4-KLRK1/CCL4/IL16/CCR1/LGALS9/ADGRE2/EDN1/CCL19/SLIT2/CCL4L1/CTSG,28
GO:0032102,negative regulation of response to external stimulus,38/455,371/16547,0.102425876010782,3.72492520956133,8.92592367399528,2.8768035252135e-12,3.14840762274101e-10,1.62274258479118e-10,HLA-DRB1/SIGLEC10/F12/INPP5D/TREM2/SLAMF8/RIN3/VSIG4/FGA/AURKB/ADIPOQ/SERPING1/IL18R1/REG3A/SAA1/VTN/SERPINF2/METRNL/IL1RN/PTPRC/IGF1/KLRK1/NPY/FGG/PADI2/KLRC4-KLRK1/ISG15/IL13RA2/TNFSF14/LGALS9/SPP1/PTGIS/EDN1/SLIT2/CARD16/ENPP3/HAVCR2/TIGIT,38
GO:0002495,antigen processing and presentation of peptide antigen via MHC class II,12/455,30/16547,0.4,14.5468131868132,12.4876115627105,8.93495214974443e-12,9.16226467207227e-10,4.72238631018029e-10,HLA-DRB1/TREM2/HLA-DMA/HLA-DMB/HLA-DQA1/HLA-DQB2/PYCARD/HLA-DRB5/HLA-DRA/HLA-DPB1/HLA-DQA2/HLA-DOA,12
GO:0046651,lymphocyte proliferation,28/455,216/16547,0.12962962962963,4.71424501424502,9.23928218770183,9.11055611036479e-12,9.16226467207227e-10,4.72238631018029e-10,FCGR3A/HLA-DRB1/SPN/CD1D/CD300A/VSIG4/HLA-DMB/MS4A1/IL18/LAPTM5/CD3E/CCL5/PYCARD/PLA2G2A/PTPRC/IGF1/CD74/LILRB4/TYROBP/PDCD1LG2/MNDA/TNFSF14/LGALS9C/LGALS9/HLA-DPB1/LST1/CCL19/HAVCR2,28
GO:0001906,cell killing,27/455,202/16547,0.133663366336634,4.86094005004896,9.28375085451803,1.04554321545923e-11,9.9755546274969e-10,5.14156972052329e-10,FCGR3A/HLA-DRB1/SLAMF7/GBP2/CD1D/INPP5D/CFH/CORO1A/LYZ/PLA2G2A/PTPRC/CCL21/KLRK1/TYROBP/HLA-DRA/KLRC4-KLRK1/CXCL2/LGALS9/PIK3R6/CCL19/PRF1/GBP5/NTS/CTSG/HAVCR2/KLRB1/TIGIT,27
GO:0002366,leukocyte activation involved in immune response,30/455,259/16547,0.115830115830116,4.21239764096907,8.7617830694005,2.92554595787873e-11,2.41910144650372e-09,1.24684583591305e-09,IRF8/FCGR3A/HLA-DRB1/SPN/TREM2/CD300A/HLA-DMB/CORO1A/IL18/LCP1/IL18R1/PYCARD/MILR1/FES/LAT/CD74/TYROBP/FCER1G/HLA-DRA/ITGB2/PTGDS/LGALS1/SLC18A2/LGALS9/ADGRE2/CCL19/DOCK2/ENPP3/CD84/HAVCR2,30
GO:0002685,regulation of leukocyte migration,26/455,203/16547,0.12807881773399,4.65784658691063,8.8174199461649,6.71420504287532e-11,5.20490770094564e-09,2.68269753739153e-09,SPN/CCR7/TREM2/SLAMF8/CSF1R/CD300A/RIN3/HMOX1/PLA2G7/MMP14/CCL5/PYCARD/APOD/CCL21/KLRK1/CD74/TRPV4/PADI2/KLRC4-KLRK1/CCL4/CCR1/GDF15/LGALS9/EDN1/CCL19/SLIT2,26
GO:0070374,positive regulation of ERK1 and ERK2 cascade,24/455,178/16547,0.134831460674157,4.90342017533029,8.80423093707767,1.24918698522743e-10,9.48617300414541e-09,4.88933414762905e-09,PDGFRB/CCR7/TREM2/CSF1R/FGA/FGFR3/PYCARD/SERPINF2/PLA2G2A/HAND2/PTPRC/IGF1/CCL21/CD74/TRPV4/NPY/FGG/CCN2/IL13RA2/CCR1/LGALS9/CCL19/RAMP3/HAVCR2,24
GO:0050727,regulation of inflammatory response,35/455,381/16547,0.0918635170603675,3.34080355340198,7.77272611769427,4.36842969343066e-10,2.95544125259191e-08,1.52328445109472e-08,HLA-DRB1/AKNA/SIGLEC10/F12/GBP2/CCR7/TREM2/SLAMF8/CMA1/ADIPOQ/IL18/PLA2G7/IL18R1/REG3A/CCL5/PYCARD/SAA1/PLA2G2A/TLR7/METRNL/IL1RN/PTPRC/IGF1/TRPV4/NPY/IL16/IL13RA2/CCR1/TNFSF14/LGALS1/AGT/PTGIS/GBP5/ENPP3/GPSM3,35
GO:0006956,complement activation,14/455,59/16547,0.23728813559322,8.62946544980443,9.87150394603453,4.97206889580698e-10,3.30256725528545e-08,1.70219906900837e-08,C4BPB/C3/C4BPA/TREM2/CFH/VSIG4/SERPING1/C2/FCN3/C1S/C1QC/C1QA/C1R/C1QB,14
GO:0009611,response to wounding,38/455,472/16547,0.0805084745762712,2.92785434904079,7.14524170447003,3.2442615065879e-09,1.85721493323286e-07,9.572400153965e-08,C4BPB/FBLN1/ODAM/SIGLEC10/F12/SYTL4/TREM2/ANGPTL7/JAML/HMOX1/FGA/SERPING1/MMP2/COL3A1/TSKU/REG3A/SAA1/VTN/SERPINF2/FERMT3/APOD/COL5A1/IGF1/MYOF/FGG/TYROBP/FCER1G/PROZ/CCN2/CCR1/DPYSL3/WAS/REG3G/SPP1/EDN1/CTSG/FN1/DUOX2,38
GO:1902107,positive regulation of leukocyte differentiation,21/455,163/16547,0.128834355828221,4.68532326569136,7.9507229038952,4.21400906543783e-09,2.23939786691996e-07,1.15422356898558e-07,HLA-DRB1/INPP5D/TREM2/HCLS1/RUNX1/IL4R/IL18/MMP14/IL7R/FES/IL2RG/CD74/LILRB4/TYROBP/HLA-DRA/CCR1/RUNX3/LGALS9/SOCS1/PIK3R6/CCL19,21
GO:0019221,cytokine-mediated signaling pathway,38/455,489/16547,0.0777096114519427,2.82606800152812,6.89243764004235,8.54732031025228e-09,4.41730262145121e-07,2.27675254689479e-07,CSF3R/CCR7/TREM2/CSF1R/HCLS1/IL4R/ADIPOQ/IL18/LAPTM5/IL18R1/CCL5/PYCARD/IL1RN/IL7R/PTPRC/CCL21/IL2RG/CD74/LILRB4/SLIT3/FCER1G/PADI2/CCL4/CCRL2/ISG15/IL16/IL13RA2/CCR1/RHEX/SOCS1/EDN1/CCL19/SLIT2/CARD16/CCL4L1/CTSG/FAS/DUOX2,38
GO:0001909,leukocyte mediated cytotoxicity,18/455,127/16547,0.141732283464567,5.15438262524877,7.90258132283741,1.19405521582579e-08,6.08641021655859e-07,3.13703885595317e-07,FCGR3A/HLA-DRB1/SLAMF7/CD1D/INPP5D/CORO1A/PTPRC/KLRK1/TYROBP/HLA-DRA/KLRC4-KLRK1/LGALS9/PIK3R6/PRF1/CTSG/HAVCR2/KLRB1/TIGIT,18
GO:0050777,negative regulation of immune response,22/455,189/16547,0.116402116402116,4.23319960462818,7.51701667344076,1.21428748744891e-08,6.1058969470235e-07,3.14708264670483e-07,C4BPB/HLA-DRB1/C4BPA/INPP5D/TREM2/SLAMF8/CD300A/VSIG4/AURKB/SERPING1/COL3A1/IL18/SAMSN1/PTPRC/NPY/LILRB4/ISG15/LGALS1/LGALS9/ENPP3/HAVCR2/TIGIT,22
GO:0035987,endodermal cell differentiation,11/455,43/16547,0.255813953488372,9.30319447993867,9.16710122408269,1.56648282059196e-08,7.66958233608248e-07,3.95303256618593e-07,COL4A2/MMP2/MMP14/VTN/COL5A1/LAMB3/COL6A1/ITGB2/COL11A1/COL8A1/FN1,11
GO:0001819,positive regulation of cytokine production,36/455,463/16547,0.0777537796976242,2.82767426957492,6.7071722136682,2.11259997957143e-08,9.82623065498159e-07,5.06460561734283e-07,C3/FCGR3A/SPN/CCR7/TREM2/CSF1R/HMOX1/RUNX1/SULF1/IL4R/LY96/ADIPOQ/IL18/LAPTM5/IL18R1/RAB7B/CYBB/PYCARD/SAA1/SERPINF2/TLR7/PTPRC/CD74/TRPV4/TYROBP/FCER1G/ISG15/IL16/AFAP1L2/LGALS9/HLA-DPB1/AGT/CCL19/GBP5/HAVCR2/TIGIT,36
GO:1903131,mononuclear cell differentiation,34/455,426/16547,0.07981220657277,2.90253314760357,6.68941653137923,2.79363637501515e-08,1.26769767700383e-06,6.53392842227971e-07,IRF8/HLA-DRB1/SPN/CD1D/CCR7/INPP5D/TREM2/SLAMF8/CSF1R/HCLS1/RUNX1/MS4A1/ADIPOQ/IL18/LAPTM5/MMP14/IL18R1/CD3E/IL7R/FES/PTPRC/CD3D/IKZF1/IL2RG/CD74/LILRB4/HLA-DRA/RUNX3/LGALS1/C1QC/LGALS9/SOCS1/PIK3R6/CCL19,34
GO:0050920,regulation of chemotaxis,21/455,183/16547,0.114754098360656,4.17326607818411,7.25829298946824,3.36044101280831e-08,1.47639247933528e-06,7.60957676121046e-07,PDGFRB/CCR7/TREM2/SLAMF8/CSF1R/RIN3/PLA2G7/CCL5/CCL21/KLRK1/CD74/TRPV4/PADI2/KLRC4-KLRK1/CCL4/IL16/CCR1/LGALS9/EDN1/CCL19/SLIT2,21
GO:0006909,phagocytosis,23/455,217/16547,0.105990783410138,3.85457031447815,7.11745477131488,3.3644043365054e-08,1.47639247933528e-06,7.60957676121046e-07,TGM2/C4BPB/MSR1/C3/C4BPA/ITGAX/TREM2/CD300A/RAB34/COLEC12/ADIPOQ/CORO1A/RAB7B/PYCARD/PTPRC/IL2RG/C2/TYROBP/FCN3/ITGB2/DOCK2/NCF4/NCF2,23
GO:0032602,chemokine production,14/455,81/16547,0.17283950617284,6.28566001899335,8.01853216319239,3.9231020615028e-08,1.67611021913277e-06,8.6389558002101e-07,TREM2/CSF1R/HMOX1/IL4R/ADIPOQ/IL18/PYCARD/TLR7/APOD/CD74/TRPV4/LILRB4/LGALS9/HAVCR2,14
GO:0042742,defense response to bacterium,24/455,238/16547,0.100840336134454,3.66726382860837,6.96928113538552,4.43286934467738e-08,1.83274520350495e-06,9.44627902472811e-07,SPN/GBP2/TREM2/SLAMF8/STAB1/COLEC12/FGA/IL18/IL18R1/LYZ/PYCARD/ZG16B/PLA2G2A/IL7R/AQP1/SLPI/PGC/NPY/JCHAIN/ISG15/REG3G/GBP5/CTSG/HAVCR2,24
GO:0002577,regulation of antigen processing and presentation,8/455,21/16547,0.380952380952381,13.8541077969649,9.91094137457231,4.56735950860534e-08,1.86759832214511e-06,9.62591789811175e-07,CCR7/TREM2/PYCARD/CCL21/CD74/WAS/CCL19/HLA-DOA,8
GO:0040013,negative regulation of locomotion,28/455,314/16547,0.089171974522293,3.24292013718765,6.74724431678712,4.82728481411451e-08,1.95242682536088e-06,1.00631383633973e-06,FBLN1/SLAMF8/CD300A/RIN3/HMOX1/TNN/SULF1/SERPINF1/ADIPOQ/NGFR/COL3A1/CLDN5/CDH11/CARTPT/APOD/IGFBP3/CCL21/KLRK1/CD74/CYGB/SFRP2/PADI2/KLRC4-KLRK1/GDF15/DPYSL3/WAS/BST2/SLIT2,28
GO:0002460,adaptive immune response based on somatic recombination of immune receptors built from immunoglobulin superfamily domains,29/455,335/16547,0.0865671641791045,3.14819091356405,6.6791958411229,5.30216807861322e-08,2.12143735704514e-06,1.0934247253686e-06,C4BPB/C3/FCGR3A/HLA-DRB1/SPN/C4BPA/CD1D/TREM2/IL18/IL18R1/PTPRC/IL2RG/CD74/LILRB4/C2/FCER1G/HLA-DRA/C1S/LGALS1/C1QC/WAS/LGALS9/CCL19/C1QA/PRF1/C1R/KLHL6/C1QB/HAVCR2,29
GO:0002768,immune response-regulating cell surface receptor signaling pathway,30/455,357/16547,0.0840336134453782,3.05605319050697,6.6037743612834,6.04108631929289e-08,2.39137044617966e-06,1.23255280891754e-06,C3/FCGR3A/HLA-DRB1/FYB1/CCR7/INPP5D/TREM2/LAIR1/CD300A/LY96/MS4A1/LAPTM5/RAB7B/CD3E/LCP2/SH2D1A/PTPRC/CD3D/LAT/LILRB4/TYROBP/FCN3/FCER1G/CD33/PDCD1LG2/MNDA/CLEC2D/HLA-DPB1/FPR1/KLHL6,30
GO:0001501,skeletal system development,28/455,318/16547,0.0880503144654088,3.20212868892114,6.66741627940752,6.31654452151114e-08,2.47409075416242e-06,1.2751882559356e-06,TGM2/COL1A1/TNN/RUNX1/SULF1/FGFR3/COL3A1/TSKU/NOTUM/MMP14/CHRDL2/CDH11/RARG/EFEMP1/HAND2/BMPR1B/COL28A1/PTPRC/COL5A1/IGF1/TRPV4/TYROBP/RUNX3/COL11A1/TNFRSF11B/COMP/HOXB4/VCAN,28
GO:0031341,regulation of cell killing,15/455,98/16547,0.153061224489796,5.56638259699484,7.62364702426391,6.97813059167752e-08,2.67686844656001e-06,1.37970331120433e-06,HLA-DRB1/CD1D/INPP5D/CFH/PTPRC/KLRK1/TYROBP/HLA-DRA/KLRC4-KLRK1/LGALS9/PIK3R6/PRF1/HAVCR2/KLRB1/TIGIT,15
GO:0001818,negative regulation of cytokine production,26/455,293/16547,0.0887372013651877,3.22710872745002,6.46758728634059,1.61368007730431e-07,5.71857482633269e-06,2.94745026913824e-06,FBLN1/HLA-DRB1/CCR7/TREM2/VSIG4/HMOX1/ADIPOQ/TSKU/LAPTM5/SIGLEC1/PYCARD/PTPRC/APOD/IGF1/LILRB4/TYROBP/CD33/PDCD1LG2/LGALS9C/LGALS9/BST2/CARD16/CD84/HAVCR2/FN1/TIGIT,26
GO:0007492,endoderm development,11/455,55/16547,0.2,7.27340659340659,7.83601600011738,2.41997687974945e-07,8.41563922387636e-06,4.33756291535523e-06,COL4A2/MMP2/MMP14/VTN/COL5A1/LAMB3/COL6A1/ITGB2/COL11A1/COL8A1/FN1,11
GO:0031589,cell-substrate adhesion,27/455,322/16547,0.0838509316770186,3.04940959661457,6.2446995055902,2.92557808194906e-07,9.85984652277391e-06,5.08193180465012e-06,FBLN1/RADIL/CCR7/ITGAX/TNN/FGA/COL16A1/CORO1A/COL3A1/MMP14/SIGLEC1/CD3E/VTN/CDH11/FERMT3/ARHGAP6/APOD/CCL21/LAMB3/NPY/FGG/ITGB2/PARVG/LAMB2/CCDC80/TSPAN11/FN1,27
GO:0032963,collagen metabolic process,14/455,96/16547,0.145833333333333,5.30352564102564,7.11067872237735,3.53471943653785e-07,1.14371226290064e-05,5.89488660982517e-06,VIM/MMP19/COL1A1/RUNX1/MMP2/MFAP4/MMP14/RCN3/SERPINF2/COL5A1/CYGB/MRC2/CREB3L1/PCOLCE,14
GO:0010720,positive regulation of cell development,28/455,348/16547,0.0804597701149425,2.92608311229001,6.10615380092505,4.10025489987165e-07,1.31315941468047e-05,6.76824591399723e-06,TGM2/VIM/HLA-DRB1/BNC1/INPP5D/TREM2/HCLS1/RUNX1/SERPINF1/IL4R/NTRK2/IL18/CLDN5/MMP14/IL7R/FES/IL2RG/CD74/LILRB4/TYROBP/HLA-DRA/CCR1/RUNX3/LGALS9/SOCS1/PIK3R6/CCL19/SLIT2,28
GO:0019730,antimicrobial humoral response,17/455,143/16547,0.118881118881119,4.32335356950742,6.71145809453697,4.12898821600686e-07,1.31315941468047e-05,6.76824591399723e-06,FGA/LYZ/REG3A/CCL5/CCL21/SLPI/PGC/NPY/JCHAIN/CCL4/CXCL2/REG3G/CCL19/NTS/CCL4L1/CTSG/REG1B,17
GO:0045088,regulation of innate immune response,33/455,456/16547,0.0723684210526316,2.63182475419318,5.94171227197434,4.38205038882691e-07,1.38183131329025e-05,7.12219250416438e-06,MSR1/C3/GBP2/CD1D/INPP5D/TREM2/SLAMF8/CFH/CD300A/VSIG4/SLC15A3/AURKB/LY96/SERPING1/RAB7B/CCL5/PYCARD/TLR7/KLRK1/TYROBP/FCN3/ALPK1/KLRC4-KLRK1/MNDA/ISG15/LGALS9/REG3G/PIK3R6/GBP5/ENPP3/HAVCR2/KLRB1/TIGIT,33
GO:0043299,leukocyte degranulation,12/455,71/16547,0.169014084507042,6.1465407831605,7.30745076189492,4.75702250059468e-07,1.48746896846326e-05,7.66666686119662e-06,FCGR3A/CD300A/CORO1A/MILR1/FES/LAT/ITGB2/PTGDS/SLC18A2/LGALS9/ADGRE2/CD84,12
GO:1901342,regulation of vasculature development,25/455,298/16547,0.0838926174496644,3.05092558448263,6.00747416550452,8.01391278369108e-07,2.31161003628795e-05,1.19144294348054e-05,TGM2/C3/PPP1R16B/COL4A2/ITGAX/STAB1/ANGPTL7/CMA1/ADGRB3/TSPAN18/HMOX1/TNN/RUNX1/SULF1/SERPINF1/CLDN5/CYBB/ZG16B/APLNR/AQP1/SFRP2/ITGB2/CREB3L1/PTGIS/PIK3R6,25
GO:0006801,superoxide metabolic process,11/455,64/16547,0.171875,6.25058379120879,7.07663258077891,1.20354318667847e-06,3.26889357491284e-05,1.68484308411856e-05,CYBB/TYROBP/MB/CYGB/ITGB2/AGT/EDN1/NCF4/SOD3/NCF2/DUOX2,11
GO:0002228,natural killer cell mediated immunity,12/455,81/16547,0.148148148148148,5.38770858770859,6.65630825797179,2.0494224052081e-06,5.33279774110445e-05,2.74861422900329e-05,FCGR3A/SLAMF7/INPP5D/CORO1A/KLRK1/TYROBP/KLRC4-KLRK1/LGALS9/PIK3R6/HAVCR2/KLRB1/TIGIT,12
GO:1990868,response to chemokine,13/455,97/16547,0.134020618556701,4.8739322533137,6.43431226540554,2.46898218031124e-06,6.24971611764497e-05,3.2212094818043e-05,CCR7/TREM2/CCL5/CCL21/SLIT3/PADI2/CCL4/CCRL2/CCR1/EDN1/CCL19/SLIT2/CCL4L1,13
GO:0007507,heart development,29/455,404/16547,0.0717821782178218,2.61050484169296,5.51071296114407,2.60970913788358e-06,6.49581681844138e-05,3.34805394897072e-05,PDGFRB/HSPB7/BASP1/RUNX1/MMP2/COL3A1/CLDN5/TBX2/MYH11/CDH11/APLNR/HAND2/SMO/FES/IGF1/ELN/PDLIM3/SLIT3/MSC/SFRP2/ALPK2/LDB3/EDN1/SLIT2/GLI1/MSX1/EPHB4/ASCL1/FN1,29
GO:0001771,immunological synapse formation,5/455,10/16547,0.5,18.1835164835165,9.13967761370295,3.45792936821344e-06,8.32766805867654e-05,4.29222108764133e-05,CCR7/CCL21/CCL19/PRF1/HAVCR2,5
GO:0043303,mast cell degranulation,9/455,47/16547,0.191489361702128,6.96389992985738,6.88469176046678,4.47167565825077e-06,0.000105310791926273,5.42789648527361e-05,CD300A/MILR1/FES/LAT/PTGDS/SLC18A2/LGALS9/ADGRE2/CD84,9
GO:0033002,muscle cell proliferation,17/455,171/16547,0.0994152046783626,3.61543602596234,5.78076664448863,5.04000057261565e-06,0.000115764457596931,5.9666961098336e-05,PDGFRB/HMOX1/RUNX1/ADIPOQ/MMP2/IL18/PTGIR/TBX2/CCL5/SERPINF2/FES/APOD/IGF1/IGFBP3/ELN/EDN1/GLI1,17
GO:0008037,cell recognition,14/455,120/16547,0.116666666666667,4.24282051282051,5.99489529655405,5.4227900134623e-06,0.00012273620493002,6.32603176910756e-05,C4BPB/C3/C4BPA/CCR7/TREM2/COLEC12/TNN/CCL21/C2/FCN3/CCL19/PRF1/HAVCR2/VCAN,14
GO:0001933,negative regulation of protein phosphorylation,13/455,105/16547,0.123809523809524,4.50258503401361,6.05415048290436,6.05867677754613e-06,0.000134192477912197,6.91650747171009e-05,FBLN1/PTK6/CD300A/ADIPOQ/SAMSN1/PYCARD/IL7R/PTPRC/IGFBP3/IL2RG/SFRP2/AGT/SLIT2,13
GO:0007599,hemostasis,19/455,217/16547,0.0875576036866359,3.1842102597863,5.44600973961746,9.17368225560275e-06,0.000189640398183877,9.7743871443754e-05,C4BPB/FBLN1/F12/ANGPTL7/FGA/SERPING1/COL3A1/SAA1/VTN/SERPINF2/FERMT3/TPH1/FGG/FCER1G/PROZ/WAS/EDN1/CTSG/FN1,19
GO:0032418,lysosome localization,11/455,79/16547,0.139240506329114,5.06376408401725,6.08791808921122,1.00970365224931e-05,0.000206434466484598,0.000106399818534794,SYTL4/CD300A/RAB34/MILR1/FES/LAT/PTGDS/SLC18A2/LGALS9/ADGRE2/CD84,11
GO:0001503,ossification,24/455,322/16547,0.0745341614906832,2.71058630810184,5.21228040022782,1.02544808812719e-05,0.000208507777919195,0.00010746843834506,COL1A1/TWIST2/TNN/RUNX1/FGFR3/NOTUM/MMP14/CHRDL2/CDH11/CHRDL1/BMPR1B/WNT3/IGF1/IGFBP3/COL6A1/ISG15/CCN2/CCR1/RUNX3/MRC2/CREB3L1/SPP1/GLI1/VCAN,24
GO:0141212,phospholipase C/protein kinase C signal transduction,5/455,12/16547,0.416666666666667,15.1529304029304,8.24673597991822,1.03822656938766e-05,0.000208823841334674,0.000107631342779698,CCR7/ARHGAP6/CCL21/EDN1/CCL19,5
GO:1990849,vacuolar localization,11/455,80/16547,0.1375,5.00046703296703,6.03108768909009,1.14213907564351e-05,0.000222507827249712,0.000114684300761893,SYTL4/CD300A/RAB34/MILR1/FES/LAT/PTGDS/SLC18A2/LGALS9/ADGRE2/CD84,11
GO:0098883,synapse pruning,6/455,21/16547,0.285714285714286,10.3905808477237,7.24044777942086,1.59740332637601e-05,0.000298690340575132,0.000153950057742227,C3/TREM2/ADGRB3/C1QC/C1QA/C1QB,6
GO:0042326,negative regulation of phosphorylation,13/455,118/16547,0.110169491525424,4.00653753026634,5.51123924958501,2.18420302653753e-05,0.000392628959504644,0.00020236761212506,FBLN1/PTK6/CD300A/ADIPOQ/SAMSN1/PYCARD/IL7R/PTPRC/IGFBP3/IL2RG/SFRP2/AGT/SLIT2,13
GO:0007596,blood coagulation,18/455,211/16547,0.0853080568720379,3.10240091661893,5.16810226625475,2.23698100995877e-05,0.000400182997021951,0.000206261090935714,C4BPB/FBLN1/F12/ANGPTL7/FGA/SERPING1/COL3A1/SAA1/VTN/SERPINF2/FERMT3/FGG/FCER1G/PROZ/WAS/EDN1/CTSG/FN1,18
GO:0050817,coagulation,18/455,213/16547,0.0845070422535211,3.07327039158025,5.12090439742651,2.53901161895452e-05,0.000437391770098601,0.000225439122447004,C4BPB/FBLN1/F12/ANGPTL7/FGA/SERPING1/COL3A1/SAA1/VTN/SERPINF2/FERMT3/FGG/FCER1G/PROZ/WAS/EDN1/CTSG/FN1,18
GO:0045730,respiratory burst,7/455,33/16547,0.212121212121212,7.71421911421912,6.49192563362202,2.6087984953104e-05,0.000446614934452739,0.000230192897484227,TREM2/SLAMF8/CYBB/JCHAIN/CD52/NCF4/NCF2,7
GO:0002526,acute inflammatory response,11/455,90/16547,0.122222222222222,4.44485958485959,5.51016547076763,3.54439379793745e-05,0.000583570323987843,0.000300782023622154,FCGR3A/CD163/F12/CCR7/REG3A/SAA1/SERPINF2/IL1RN/NPY/REG3G/FN1,11
GO:0050764,regulation of phagocytosis,11/455,90/16547,0.122222222222222,4.44485958485959,5.51016547076763,3.54439379793745e-05,0.000583570323987843,0.000300782023622154,TGM2/C3/TREM2/CD300A/ADIPOQ/PYCARD/PTPRC/IL2RG/C2/FCN3/DOCK2,11
GO:2000107,negative regulation of leukocyte apoptotic process,7/455,35/16547,0.2,7.27340659340659,6.24719143814439,3.91588688343168e-05,0.000633522395358664,0.000326528166791948,CCR7/HCLS1/AURKB/CCL5/CCL21/CD74/CCL19,7
GO:0006898,receptor-mediated endocytosis,20/455,263/16547,0.0760456273764259,2.76555383779718,4.85316982863041,4.20303892075899e-05,0.00067411671655794,0.000347451167115967,MSR1/C3/CCR7/STAB1/RIN3/GRIA1/ADIPOQ/SIGLEC1/VTN/APOC3/APLNR/APOC1/CCL21/LILRB4/FCER1G/CALY/ITGB2/MRC2/CCL19/RAMP3,20
GO:0042730,fibrinolysis,6/455,25/16547,0.24,8.72808791208791,6.50216439500607,4.7483252011066e-05,0.000742374708962926,0.000382632491868158,F12/FGA/SERPING1/VTN/SERPINF2/FGG,6
GO:0002237,response to molecule of bacterial origin,21/455,288/16547,0.0729166666666667,2.65176282051282,4.75493091159707,5.02521929814698e-05,0.000782378284870499,0.000403251012068738,VIM/GBP2/CCR7/TREM2/PTAFR/FMO1/LY96/IL18/IL18R1/PYCARD/SLPI/LY86/PDCD1LG2/CXCL2/LGALS9/EDN1/CARD16/GBP5/DIO2/CTSG/HAVCR2,21
GO:0006968,cellular defense response,8/455,49/16547,0.163265306122449,5.93747477012783,5.82015400089024,5.14911407642725e-05,0.000797126539310092,0.000410852512064353,SPN/LY96/SH2D1A/TYROBP/MNDA/LSP1/PRF1/NCF2,8
GO:0048660,regulation of smooth muscle cell proliferation,13/455,128/16547,0.1015625,3.69352678571429,5.14399015232938,5.18421452601565e-05,0.000797126539310092,0.000410852512064353,PDGFRB/HMOX1/ADIPOQ/MMP2/IL18/PTGIR/CCL5/SERPINF2/APOD/IGF1/IGFBP3/ELN/EDN1,13
GO:1901654,response to ketone,16/455,189/16547,0.0846560846560847,3.07869062154776,4.83284485088153,6.94113104027261e-05,0.00102086753363061,0.000526172408009507,CCR7/POSTN/SERPINF1/MMP14/TBX2/CYBB/CARTPT/AQP1/PTPRC/CCL21/SLIT3/SPP1/EDN1/CCL19/FOSB/SLIT2,16
GO:0021953,central nervous system neuron differentiation,12/455,114/16547,0.105263157894737,3.82810873337189,5.0949191577736,7.06377558815088e-05,0.00103481531352399,0.000533361329873629,CBLN1/CSF1R/CHD5/NTRK2/TSKU/WNT3/NPY/SFRP2/FAIM2/SLIT2/ASCL1/NR4A2,12
GO:0141061,disruption of cell in another organism,10/455,81/16547,0.123456790123457,4.48975715642382,5.29408435275119,7.33876471167723e-05,0.00105843191830042,0.000545533727755684,GBP2/LYZ/PLA2G2A/CCL21/CXCL2/CCL19/PRF1/GBP5/NTS/CTSG,10
GO:0045807,positive regulation of endocytosis,14/455,151/16547,0.0927152317880795,3.37177789098319,4.92312351233692,7.37731784732327e-05,0.00105988415868301,0.000546282237032294,C3/CCR7/TREM2/PYCARD/VTN/APLNR/PTPRC/CCL21/IL2RG/C2/FCN3/CALY/CCL19/DOCK2,14
GO:0046622,positive regulation of organ growth,6/455,27/16547,0.222222222222222,8.08156288156288,6.19231688569736,7.57474371922384e-05,0.00108406236073969,0.00055874409165927,BASP1/TBX2/SMO/IGF1/EDN1/GLI1,6
GO:0031638,zymogen activation,8/455,52/16547,0.153846153846154,5.5949281487743,5.58022143407727,7.99469928936693e-05,0.00113543038380665,0.00058522004030239,F12/RUNX1/FGA/MMP14/SERPINF2/FGG/C1S/C1R,8
GO:0048771,tissue remodeling,12/455,118/16547,0.101694915254237,3.69834233563047,4.9462912201286,9.88468665991617e-05,0.00134728641251092,0.000694414223781037,INPP5D/CSF1R/RUNX1/ACP5/MMP2/IL18/MMP14/CARTPT/HAND2/BGN/AGT/SPP1,12
GO:0097048,dendritic cell apoptotic process,4/455,10/16547,0.4,14.5468131868132,7.20536482385908,0.000103865645165351,0.00138524754716943,0.000713980035187545,CCR7/CCL21/LGALS9/CCL19,4
GO:0141060,disruption of anatomical structure in another organism,10/455,85/16547,0.117647058823529,4.27847446670976,5.09550422721746,0.000110872312970723,0.00144756447917215,0.000746099236838537,GBP2/LYZ/PLA2G2A/CCL21/CXCL2/CCL19/PRF1/GBP5/NTS/CTSG,10
GO:0002833,positive regulation of response to biotic stimulus,25/455,398/16547,0.0628140703517588,2.28436136727594,4.36117133546634,0.000114568164999624,0.00149058790896364,0.000768274240850773,MSR1/HLA-DRB1/GBP2/CD1D/TREM2/CD300A/SLC15A3/AURKB/LY96/RAB7B/CCL5/PYCARD/TLR7/KLRK1/PGC/LY86/TYROBP/FCN3/ALPK1/KLRC4-KLRK1/MNDA/REG3G/GBP5/ENPP3/HAVCR2,25
GO:1903035,negative regulation of response to wounding,10/455,87/16547,0.114942528735632,4.18011873184287,5.00075113514446,0.000134998860088272,0.00172031081639883,0.000886677316076648,SIGLEC10/F12/FGA/SERPING1/REG3A/VTN/SERPINF2/FGG/SPP1/EDN1,10
GO:0002532,production of molecular mediator involved in inflammatory response,10/455,90/16547,0.111111111111111,4.04078144078144,4.86382927559234,0.000179408220409761,0.00219598022416026,0.00113184538093633,TREM2/SLAMF8/HMOX1/IL4R/PYCARD/APOD/LILRB4/FCER1G/SLC18A2/GBP5,10
GO:0060761,negative regulation of response to cytokine stimulus,10/455,91/16547,0.10989010989011,3.9963772491245,4.81950287961432,0.000196700993797311,0.0023997521243272,0.00123687286771925,TREM2/ADIPOQ/CCL5/IL1RN/PTPRC/SLIT3/PADI2/ISG15/SLIT2/CARD16,10
GO:0043304,regulation of mast cell degranulation,5/455,22/16547,0.227272727272727,8.26523476523477,5.73373286333652,0.000274933235222092,0.00326602978793256,0.00168336703983092,CD300A/FES/LGALS9/ADGRE2/CD84,5
GO:0032526,response to retinoic acid,10/455,95/16547,0.105263157894737,3.82810873337189,4.64831714639215,0.000280540123092334,0.00329667724687515,0.00169916325896804,COL1A1/PTK6/SERPINF1/MMP2/TBX2/RARG/HAND2/AQP1/WNT3/ASCL1,10
GO:0048144,fibroblast proliferation,8/455,62/16547,0.129032258064516,4.69252038284296,4.89803029191826,0.000282622962040627,0.00329667724687515,0.00169916325896804,FBLN1/CD300A/COL3A1/AQP1/IGF1/CD74/AGT/FN1,8
GO:0097006,regulation of plasma lipoprotein particle levels,9/455,79/16547,0.113924050632911,4.14307970510502,4.70864238103747,0.000310640636107633,0.00360091528646885,0.00185597269469551,MSR1/TREM2/HMOX1/ADIPOQ/PLA2G7/PLA2G2A/APOC3/APOC1/AGT,9
GO:0031960,response to corticosteroid,12/455,134/16547,0.0895522388059701,3.25674922092833,4.41051102487954,0.000328932191808554,0.00377965554300436,0.00194809844861684,SERPINF1/TBX2/CYBB/CARTPT/IL1RN/AQP1/PTPRC/SLIT3/PTGDS/EDN1/FOSB/SLIT2,12
GO:0072378,"blood coagulation, fibrin clot formation",5/455,23/16547,0.217391304347826,7.90587673196369,5.5727857073984,0.000343425989947258,0.00387238820785984,0.0019958944338556,FBLN1/F12/FGA/FGG/FN1,5
GO:0048146,positive regulation of fibroblast proliferation,6/455,36/16547,0.166666666666667,6.06117216117216,5.11167070390041,0.000404284870076289,0.00450402395674812,0.00232145019111969,FBLN1/AQP1/IGF1/CD74/AGT/FN1,6
GO:0050819,negative regulation of coagulation,7/455,50/16547,0.14,5.09138461538462,4.87191855091193,0.000407776891530699,0.00451588634936229,0.00232756426907882,F12/FGA/SERPING1/VTN/SERPINF2/FGG/EDN1,7
GO:0051764,actin crosslink formation,4/455,14/16547,0.285714285714286,10.3905808477237,5.91054920845051,0.000453565172215092,0.00489193045163002,0.00252138376503663,BAIAP2L2/GAS2L3/LCP1/DPYSL3,4
GO:0060143,positive regulation of syncytium formation by plasma membrane fusion,4/455,14/16547,0.285714285714286,10.3905808477237,5.91054920845051,0.000453565172215092,0.00489193045163002,0.00252138376503663,TREM2/EHD2/TYROBP/CD53,4
GO:0010613,positive regulation of cardiac muscle hypertrophy,5/455,25/16547,0.2,7.27340659340659,5.27824236099097,0.000518229577287928,0.00544726626296153,0.0028076132428838,APLNR/HAND2/IGF1/AGT/EDN1,5
GO:0043300,regulation of leukocyte degranulation,6/455,38/16547,0.157894736842105,5.74216310005784,4.92101963367362,0.00054703527555942,0.00568580519652682,0.00293056024721422,CD300A/FES/ITGB2/LGALS9/ADGRE2/CD84,6
GO:0032488,Cdc42 protein signal transduction,4/455,15/16547,0.266666666666667,9.69787545787546,5.66687081630308,0.000605130024881618,0.00620299951125206,0.00319713095205385,CCR7/APOC3/WAS/CCL19,4
GO:0008015,blood circulation,25/455,448/16547,0.0558035714285714,2.02941032182104,3.71428540469474,0.000679398733112868,0.00684156893139655,0.00352626044085611,OLR1/HSPB7/CMA1/TRPA1/FGA/ADIPOQ/SERPING1/MMP2/KCNE4/CLDN5/TBX2/ZG16B/SERPINF2/CARTPT/BRS3/TRPV4/MYOF/ELN/NPY/FGG/AGT/EDN1/SLIT2/NTS/CTSG,25
GO:0001649,osteoblast differentiation,14/455,190/16547,0.0736842105263158,2.67967611336032,3.91559455741344,0.000795567213091782,0.00774949109925267,0.00399421889541396,COL1A1/TWIST2/TNN/BMPR1B/WNT3/IGF1/IGFBP3/COL6A1/CCN2/MRC2/CREB3L1/SPP1/GLI1/VCAN,14
GO:0010712,regulation of collagen metabolic process,6/455,41/16547,0.146341463414634,5.32200482444385,4.65911523057844,0.000831159926795169,0.00805402626980423,0.00415118147746692,VIM/RUNX1/MFAP4/SERPINF2/CYGB/CREB3L1,6
GO:0090066,regulation of anatomical structure size,23/455,410/16547,0.0560975609756098,2.04010184937014,3.58594474897351,0.00102641399263849,0.00969362047362391,0.00499625608505494,VIM/LMOD1/CCR7/RIN3/HCLS1/FGA/CAPG/BAIAP2L2/MMP2/PYCARD/SERPINF2/RARG/AQP1/CCL21/TRPV4/FGG/SEMA6C/WAS/AGT/SPP1/EDN1/SLIT2/NTS,23
GO:1901655,cellular response to ketone,9/455,93/16547,0.0967741935483871,3.51939028713222,4.09683407347228,0.00103575380120675,0.00975706302351978,0.00502895544922245,CCR7/POSTN/SERPINF1/MMP14/TBX2/AQP1/CCL21/SPP1/CCL19,9
GO:2000027,regulation of animal organ morphogenesis,6/455,44/16547,0.136363636363636,4.95914085914086,4.42173832940839,0.00121741336016912,0.0111576234315007,0.0057508279920873,SULF1/APCDD1/SMO/AGT/EDN1/MSX1,6
GO:0022602,ovulation cycle process,5/455,30/16547,0.166666666666667,6.06117216117216,4.66544796397166,0.00124147656232666,0.0113223879618076,0.00583575042013028,MMP19/MMP2/BMPR1B/SLIT3/SLIT2,5
GO:0034446,substrate adhesion-dependent cell spreading,9/455,96/16547,0.09375,3.40940934065934,3.98104650958707,0.00129897647465894,0.0117317753937037,0.00604675563261217,FBLN1/RADIL/FGA/FERMT3/LAMB3/FGG/PARVG/LAMB2/FN1,9
GO:0032956,regulation of actin cytoskeleton organization,19/455,321/16547,0.059190031152648,2.15256581424806,3.50638589615559,0.00149065986002791,0.0132065365218187,0.00680687248269889,PDGFRB/ODAM/LMOD1/CCR7/CSF1R/HCLS1/CIT/CAPG/BAIAP2L2/CORO1A/PYCARD/SERPINF2/ARHGAP6/CCL21/CCN2/WAS/BST2/EDN1/SLIT2,19
GO:0003044,regulation of systemic arterial blood pressure mediated by a chemical signal,6/455,46/16547,0.130434782608696,4.74352603917821,4.27515473692626,0.00154250080506402,0.0135368997538755,0.00697714728486732,CMA1/SERPINF2/CARTPT/AGT/EDN1/CTSG,6
GO:0015850,organic hydroxy compound transport,16/455,253/16547,0.0632411067193676,2.29989141293489,3.50348833470585,0.00176690177237961,0.0151839295497103,0.00782605432244909,MSR1/TREM2/ADIPOQ/ABCC3/TSKU/OSBPL3/ABCC2/APOC3/CARTPT/AQP1/APOC1/FCER1G/ABCA8/SLC18A2/AGT/SPP1,16
GO:0043903,regulation of biological process involved in symbiotic interaction,5/455,33/16547,0.151515151515152,5.51015651015651,4.36083484346305,0.00193244065556674,0.0163795254655213,0.00844228469642458,FBLN1/CH25H/LGALS1/LGALS9/BST2,5
GO:0002832,negative regulation of response to biotic stimulus,10/455,122/16547,0.0819672131147541,2.98090434156008,3.69264813380297,0.00198637015129534,0.0167983712112954,0.00865816488398888,INPP5D/SLAMF8/VSIG4/AURKB/SERPING1/ISG15/LGALS9/CARD16/HAVCR2/TIGIT,10
GO:0044703,multi-organism reproductive process,11/455,144/16547,0.0763888888888889,2.77803724053724,3.60335999709284,0.00212183896846873,0.0177689017971423,0.00915839277701023,FBLN1/CRHBP/SYDE1/COL16A1/MMP2/LGALS9/SPP1/EDN1/PAPPA/FOSB/HAVCR2,11
GO:0002923,regulation of humoral immune response mediated by circulating immunoglobulin,3/455,10/16547,0.3,10.9101098901099,5.27105203401522,0.00214578538765936,0.0177689017971423,0.00915839277701023,C4BPB/C4BPA/TREM2,3
GO:1901523,icosanoid catabolic process,3/455,10/16547,0.3,10.9101098901099,5.27105203401522,0.00214578538765936,0.0177689017971423,0.00915839277701023,CYP4F12/CYP4F3/DPEP2,3
GO:0050886,endocrine process,8/455,84/16547,0.0952380952380952,3.46352694924124,3.80618302311653,0.00215666455160034,0.0177936780410307,0.00917116287252091,CRHBP/CMA1/ADIPOQ/SERPINF2/AGT/SPP1/EDN1/CTSG,8
GO:0034103,regulation of tissue remodeling,7/455,67/16547,0.104477611940299,3.79954075774971,3.86093765360502,0.00238034270041372,0.0190889120436195,0.00983874840308842,INPP5D/CSF1R/RUNX1/IL18/CARTPT/HAND2/SPP1,7
GO:0007420,brain development,25/455,491/16547,0.0509164969450102,1.85168192296502,3.22141511513228,0.00240814294080622,0.019270322328473,0.0099322503348029,AKNA/CBLN1/CSF1R/CMA1/CHD5/BASP1/GRIA1/PCDH9/NTRK2/COL3A1/TSKU/CD3E/PLP1/AQP1/WNT3/SMO/APOD/NPY/TYROBP/SFRP2/FAIM2/PADI2/SLIT2/ASCL1/NR4A2,25
GO:0002040,sprouting angiogenesis,11/455,147/16547,0.0748299319727891,2.72134260297526,3.52493617160035,0.002494933294929,0.0198789077342003,0.0102459255550072,TGM2/SRPX2/PPP1R16B/TSPAN18/HMOX1/TNN/NGFR/APLNR/CREB3L1/SLIT2/EPHB4,11
GO:0044706,multi-multicellular organism process,11/455,147/16547,0.0748299319727891,2.72134260297526,3.52493617160035,0.002494933294929,0.0198789077342003,0.0102459255550072,FBLN1/CRHBP/SYDE1/COL16A1/MMP2/LGALS9/SPP1/EDN1/PAPPA/FOSB/HAVCR2,11
GO:0009595,detection of biotic stimulus,5/455,35/16547,0.142857142857143,5.19529042386185,4.17775924870302,0.00252693452251457,0.0198789077342003,0.0102459255550072,HLA-DRB1/CD1D/TREM2/LY96/SMO,5
GO:0034368,protein-lipid complex remodeling,5/455,35/16547,0.142857142857143,5.19529042386185,4.17775924870302,0.00252693452251457,0.0198789077342003,0.0102459255550072,PLA2G7/PLA2G2A/APOC3/APOC1/AGT,5
GO:0034369,plasma lipoprotein particle remodeling,5/455,35/16547,0.142857142857143,5.19529042386185,4.17775924870302,0.00252693452251457,0.0198789077342003,0.0102459255550072,PLA2G7/PLA2G2A/APOC3/APOC1/AGT,5
GO:0035904,aorta development,5/455,35/16547,0.142857142857143,5.19529042386185,4.17775924870302,0.00252693452251457,0.0198789077342003,0.0102459255550072,PDGFRB/NGFR/COL3A1/TBX2/APLNR,5
GO:0010742,macrophage derived foam cell differentiation,5/455,36/16547,0.138888888888889,5.0509768009768,4.09139598028168,0.00286929736968204,0.0219684269806314,0.0113228991458577,MSR1/ADIPOQ/IL18/PLA2G2A/AGT,5
GO:0071216,cellular response to biotic stimulus,14/455,218/16547,0.0642201834862385,2.33549752999294,3.33763420690756,0.00290931803798878,0.022138184906659,0.011410395254583,VIM/GBP2/TREM2/PTAFR/LY96/IL18/IL18R1/PYCARD/LY86/PDCD1LG2/CARD16/GBP5/CTSG/HAVCR2,14
GO:0032535,regulation of cellular component size,17/455,292/16547,0.0582191780821918,2.11725876862863,3.23891019866008,0.00307180963102031,0.0232794371426203,0.0119986159760378,VIM/LMOD1/CCR7/RIN3/HCLS1/CAPG/BAIAP2L2/PYCARD/RARG/AQP1/CCL21/TRPV4/SEMA6C/WAS/SPP1/EDN1/SLIT2,17
GO:0006816,calcium ion transport,21/455,394/16547,0.0532994923857868,1.93834439672003,3.16979353808728,0.00307914313157775,0.0232875845378065,0.0120028152814353,PLCB2/PDGFRB/CCR7/TSPAN18/TRPA1/MS4A1/SLC24A2/CCL5/CHRNA3/APLNR/PTPRC/CCL21/TRPV4/FAIM2/CCL4/CCR1/EDN1/CCL19/ANO9/RAMP3/CD84,21
GO:0035821,modulation of process of another organism,9/455,109/16547,0.0825688073394496,3.00278253856236,3.52752218364934,0.00312681874277755,0.0235048334179298,0.0121147890318251,FBLN1/CSF1R/CCL5/SLPI/CD74/FCN3/LY6E/CCL4/PRF1,9
GO:1904645,response to amyloid-beta,6/455,53/16547,0.113207547169811,4.11702260004147,3.82174835408636,0.0032175918392019,0.0241384258743352,0.0124413533092666,TREM2/NGFR/MMP2/IGF1/TYROBP/RAMP3,6
GO:0008585,female gonad development,6/455,54/16547,0.111111111111111,4.04078144078144,3.76339195957856,0.00353755054147352,0.0260142797723774,0.0134082001626449,MMP19/MMP2/MMP14/BMPR1B/SLIT3/SLIT2,6
GO:0099024,plasma membrane invagination,6/455,54/16547,0.111111111111111,4.04078144078144,3.76339195957856,0.00353755054147352,0.0260142797723774,0.0134082001626449,MSR1/C3/TREM2/CD300A/AURKB/ITGB2,6
GO:0097242,amyloid-beta clearance,5/455,38/16547,0.131578947368421,4.78513591671486,3.92789698904491,0.00365258295038313,0.0264936864685685,0.0136552944892258,MSR1/C3/TREM2/TYROBP/ITGB2,5
GO:0016322,neuron remodeling,3/455,12/16547,0.25,9.09175824175824,4.7149665781788,0.00377599353625698,0.0268138777641455,0.0138203265031427,C3/ADGRB3/C1QA,3
GO:0032489,regulation of Cdc42 protein signal transduction,3/455,12/16547,0.25,9.09175824175824,4.7149665781788,0.00377599353625698,0.0268138777641455,0.0138203265031427,CCR7/APOC3/CCL19,3
GO:0050714,positive regulation of protein secretion,10/455,134/16547,0.0746268656716418,2.71395768410694,3.34969840327276,0.00393302143368121,0.0275089713434733,0.0141785895004252,FRMD4A/HLA-DRB1/SYTL4/TREM2/TRPA1/FGA/CARTPT/IGF1/FGG/CD33,10
GO:1902905,positive regulation of supramolecular fiber organization,11/455,157/16547,0.0700636942675159,2.54800867921887,3.27703392298025,0.00413782575242388,0.0288330517317776,0.0148610429465001,LMOD1/CCR7/BAIAP2L2/AURKB/PYCARD/SERPINF2/FES/CCL21/TRPV4/CCN2/EDN1,11
GO:0006690,icosanoid metabolic process,9/455,114/16547,0.0789473684210526,2.87108155002892,3.37080718379348,0.00421781703942936,0.0293355087919937,0.0151200178208945,GGT5/PYCARD/CYP4F12/CD74/CYP4F3/PTGDS/PTGIS/EDN1/DPEP2,9
GO:0046456,icosanoid biosynthetic process,6/455,56/16547,0.107142857142857,3.89646781789639,3.65078637912633,0.00424759556288463,0.0294325942076233,0.0151700572875653,GGT5/PYCARD/CD74/PTGDS/PTGIS/EDN1,6
GO:0042220,response to cocaine,5/455,40/16547,0.125,4.54587912087912,3.775435392845,0.0045783594462636,0.0314318736154001,0.0162005197379995,TGM2/CRHBP/GRIA1/CARTPT/FOSB,5
GO:0071380,cellular response to prostaglandin E stimulus,3/455,13/16547,0.230769230769231,8.39239222316145,4.48347659912569,0.00480944993841175,0.0325973829159018,0.0168012429611404,CCR7/CCL21/CCL19,3
GO:0090209,negative regulation of triglyceride metabolic process,3/455,13/16547,0.230769230769231,8.39239222316145,4.48347659912569,0.00480944993841175,0.0325973829159018,0.0168012429611404,CIDEC/APOC3/APOC1,3
GO:1903589,positive regulation of blood vessel endothelial cell proliferation involved in sprouting angiogenesis,3/455,13/16547,0.230769230769231,8.39239222316145,4.48347659912569,0.00480944993841175,0.0325973829159018,0.0168012429611404,PPP1R16B/HMOX1/APLNR,3
GO:0061138,morphogenesis of a branching epithelium,7/455,76/16547,0.0921052631578947,3.34959514170041,3.4521292247006,0.00484848106336081,0.0328021782486647,0.0169067979424079,SULF1/TBX2/SMO/SFRP2/TMEM59L/AGT/SLIT2,7
GO:0055002,striated muscle cell development,9/455,117/16547,0.0769230769230769,2.79746407438715,3.28081365991418,0.00500250975369167,0.0337216282490701,0.017380698037004,PDGFRB/LMOD1/MYH11/FLNC/IGF1/COL6A1/ALPK2/MYBPC2/EDN1,9
GO:0033344,cholesterol efflux,6/455,58/16547,0.103448275862069,3.76210685865858,3.54327214779865,0.00505768651120353,0.0339704900869825,0.0175089656409804,TREM2/ADIPOQ/TSKU/APOC3/APOC1/ABCA8,6
GO:0048048,embryonic eye morphogenesis,4/455,26/16547,0.153846153846154,5.5949281487743,3.9427063237695,0.00521883746031502,0.0348016024907387,0.0179373350428906,MFAP2/TBX2/RARG/EFEMP1,4
GO:0090288,negative regulation of cellular response to growth factor stimulus,8/455,97/16547,0.0824742268041237,2.99934292511612,3.32075933822086,0.00525463282225251,0.0349776184822927,0.0180280566645243,HTRA3/SULF1/CHRDL2/CHRDL1/SHISA2/CREB3L1/AGT/SLIT2,8
GO:0010721,negative regulation of cell development,13/455,209/16547,0.062200956937799,2.26206425153794,3.08746724546286,0.00528358238507006,0.0350728755289024,0.0180771537588518,INPP5D/TREM2/RUNX1/ADIPOQ/CARTPT/IGF1/LILRB4/RUNX3/LGALS1/C1QC/SEMA6C/SPP1/SOCS1,13
GO:0003014,renal system process,9/455,118/16547,0.076271186440678,2.77375675172285,3.25144713175937,0.00528779445625214,0.0350728755289024,0.0180771537588518,CLCNKA/SULF1/ADIPOQ/CHRNA3/CYP4F12/AQP1/JCHAIN/AGT/EDN1,9
GO:0030041,actin filament polymerization,10/455,140/16547,0.0714285714285714,2.59764521193093,3.19210352191288,0.0053547122177068,0.0354535305375214,0.0182733497939961,LMOD1/CCR7/HCLS1/CAPG/BAIAP2L2/PYCARD/ARHGAP6/CCL21/WAS/SLIT2,10
GO:0002269,leukocyte activation involved in inflammatory response,5/455,42/16547,0.119047619047619,4.32940868655154,3.63271381513333,0.00565978975875457,0.037077601570996,0.0191104234968132,TREM2/PTPRC/TYROBP/ITGB2/C1QA,5
GO:0001516,prostaglandin biosynthetic process,4/455,27/16547,0.148148148148148,5.38770858770859,3.83673525627027,0.00599557390219574,0.0382785493644447,0.0197294123191193,CD74/PTGDS/PTGIS/EDN1,4
GO:0090382,phagosome maturation,4/455,27/16547,0.148148148148148,5.38770858770859,3.83673525627027,0.00599557390219574,0.0382785493644447,0.0197294123191193,SLAMF8/RAB34/CORO1A/RAB7B,4
GO:0040037,negative regulation of fibroblast growth factor receptor signaling pathway,3/455,14/16547,0.214285714285714,7.79293563579278,4.27555877493166,0.00599741851101083,0.0382785493644447,0.0197294123191193,SULF1/SHISA2/CREB3L1,3
GO:0042167,heme catabolic process,3/455,14/16547,0.214285714285714,7.79293563579278,4.27555877493166,0.00599741851101083,0.0382785493644447,0.0197294123191193,HMOX1/ABCC2/SLCO2B1,3
GO:0046149,pigment catabolic process,3/455,14/16547,0.214285714285714,7.79293563579278,4.27555877493166,0.00599741851101083,0.0382785493644447,0.0197294123191193,HMOX1/ABCC2/SLCO2B1,3
GO:1905153,regulation of membrane invagination,3/455,14/16547,0.214285714285714,7.79293563579278,4.27555877493166,0.00599741851101083,0.0382785493644447,0.0197294123191193,C3/TREM2/CD300A,3
GO:0032970,regulation of actin filament-based process,19/455,366/16547,0.0519125683060109,1.88790608298805,2.88836511768995,0.00626258769791767,0.0397684850844505,0.020497350410741,PDGFRB/ODAM/LMOD1/CCR7/CSF1R/HCLS1/CIT/CAPG/BAIAP2L2/CORO1A/PYCARD/SERPINF2/ARHGAP6/CCL21/CCN2/WAS/BST2/EDN1/SLIT2,19
GO:0030838,positive regulation of actin filament polymerization,5/455,43/16547,0.116279069767442,4.22872476360848,3.56465777168212,0.00626292186495243,0.0397684850844505,0.020497350410741,LMOD1/CCR7/BAIAP2L2/PYCARD/CCL21,5
GO:0009612,response to mechanical stimulus,12/455,190/16547,0.0631578947368421,2.29686524002313,3.02320098210739,0.00641650691577155,0.0406051398530373,0.0209285764413057,COL1A1/TRPA1/MMP2/MMP14/TLR7/AQP1/TRPV4/TNFSF14/COL11A1/EDN1/FOSB/FAS,12
GO:1905952,regulation of lipid localization,10/455,145/16547,0.0689655172413793,2.50807123910572,3.06693556101934,0.00682253532606048,0.0427387234197571,0.0220282615287509,MSR1/C3/TREM2/ADIPOQ/APOC3/APOC1/ABCA8/AGT/SPP1/EDN1,10
GO:0032098,regulation of appetite,4/455,28/16547,0.142857142857143,5.19529042386185,3.73590966363445,0.00684554666975954,0.0427387234197571,0.0220282615287509,CHRNA3/CARTPT/NPY/GDF15,4
GO:0006911,"phagocytosis, engulfment",5/455,44/16547,0.113636363636364,4.13261738261738,3.49864145907052,0.00690978192966824,0.0428300772833094,0.0220753468564577,MSR1/C3/TREM2/CD300A/ITGB2,5
GO:0014823,response to activity,6/455,62/16547,0.0967741935483871,3.51939028713222,3.34190435369712,0.00700949550224204,0.0428985736247412,0.0221106510303331,COL4A2/MMP2/METRNL/AGT/EDN1/FN1,6
GO:0048864,stem cell development,6/455,62/16547,0.0967741935483871,3.51939028713222,3.34190435369712,0.00700949550224204,0.0428985736247412,0.0221106510303331,RADIL/HAND2/PTPRC/SEMA6C/EDN1/FN1,6
GO:0071300,cellular response to retinoic acid,6/455,62/16547,0.0967741935483871,3.51939028713222,3.34190435369712,0.00700949550224204,0.0428985736247412,0.0221106510303331,COL1A1/PTK6/SERPINF1/HAND2/AQP1/WNT3,6
GO:0009615,response to virus,19/455,371/16547,0.0512129380053908,1.86246260478066,2.82513272472042,0.00720103799152474,0.0439984603718613,0.022677551278607,BTBD17/GBP2/SLFN13/IFI6/CCL5/PYCARD/TLR7/PTPRC/FCN3/CCL4/ISG15/VWCE/IFI44L/LGALS9/BST2/CCL19/PRF1/GBP5/DUOX2,19
GO:0010560,positive regulation of glycoprotein biosynthetic process,3/455,15/16547,0.2,7.27340659340659,4.08727222126295,0.00734549063254313,0.0442274605885,0.0227955818667627,IGF1/CCL21/CCL19,3
GO:0030850,prostate gland development,3/455,15/16547,0.2,7.27340659340659,4.08727222126295,0.00734549063254313,0.0442274605885,0.0227955818667627,SULF1/MMP2/GLI1,3
GO:0030239,myofibril assembly,6/455,63/16547,0.0952380952380952,3.46352694924124,3.29415086990868,0.00757225345856207,0.0452996063011406,0.0233481839162675,PDGFRB/LMOD1/MYH11/FLNC/MYBPC2/EDN1,6
GO:0035094,response to nicotine,5/455,45/16547,0.111111111111111,4.04078144078144,3.43455414865509,0.00760192572660039,0.0453313551741667,0.0233645478228679,HMOX1/MMP2/CHRNA3/EDN1/FOSB,5
GO:0007204,positive regulation of cytosolic calcium ion concentration,10/455,148/16547,0.0675675675675676,2.45723195723196,2.9943189438971,0.00784224142680858,0.0465406385153983,0.023987832927605,CCR7/PTGIR/SAA1/TRPV4/NPY/CCRL2/CCR1/FPR1/EDN1/CD52,10
GO:0051495,positive regulation of cytoskeleton organization,11/455,172/16547,0.063953488372093,2.32579861998467,2.93899148709887,0.00810479142985789,0.047793865151349,0.0246337671503093,LMOD1/CCR7/BAIAP2L2/AURKB/PYCARD/SERPINF2/FES/CCL21/TRPV4/CCN2/EDN1,11
GO:0010876,lipid localization,21/455,430/16547,0.0488372093023256,1.77606440071556,2.74180827818906,0.00820583766158735,0.0482368435051604,0.0248620856925712,FABP6/MSR1/C3/CIDEC/TREM2/ADIPOQ/ABCC3/TSKU/OSBPL3/ABCC2/PLA2G2A/APOC3/APOC1/APOD/HSD17B13/ABCA8/AGT/SPP1/EDN1/ANO9/SLCO2B1,21
